Classe;Qte;Stock;Reference;Designation;NbSem;EntreeMoy;CoutCumul
  4;  533;CHRONO PROJETS INFRASTRUCTURE;CHR73NP0H5;CORDON SURMOULE BLEU RJ45  FTP CAT6E 4P 100 OHMS DE 1M; 331;2015-07-06; 10343.16 E
  4; 1031;CHRONO PROJETS INFRASTRUCTURE;CHR70NP0O7;RALLONGE USB2 A-A MALE-FEMELLE 5M; 147;2019-01-09;  8885.34 E
  4;  596;CHRONO PROJETS INFRASTRUCTURE;CHR40NP1EY;CARTE INTEL ETHERNET I210-T1 PCIe x1 Gb NIC; 167;2018-08-27;  5729.17 E
  3;  165;COLI SHIPPING;CLP34NS1AI;IMPRIMANTE DATAMAX M-4206E DT MARK II; 120;2019-07-16;  5698.55 E
  3;  253;CHRONO SHIPPING;CHR34RS19M;PM43C TOUCH SCREEN STANDARD for SHIPPING;  66;2020-07-31;  4805.78 E
  3;  365;CHRONO PROJETS INFRASTRUCTURE;CHR99NP1B5;PASSE-CABLES PEIGNE;  82;2020-04-11;  4737.71 E
  4;   54;CHRONO SHIPPING;CHR22RSZYQ;ECRAN 17" TFT RECYCLE ACHETE; 297;2016-02-29;  4615.82 E
  4;  265;CHRONO PROJETS INFRASTRUCTURE;CHR70NP1EF;Uniformatic câble USB 3 m pour PM43C; 231;2017-06-01;  3523.60 E
  4;  514;CHRONO PROJETS INFRASTRUCTURE;CHR58NP1ET;BARRE DE SON HP LCD; 146;2019-01-17;  3239.71 E
  3;  105;CHRONO SHIPPING;CHR34RS0IT;IMPRIMANTE THERM. PF4 RESEAU RECYCLE;  98;2019-12-19;  2961.52 E
  3;  352;CHRONO PROJETS INFRASTRUCTURE;CHR77NP06D;CABLE ALIMENTATION SECTEUR NOIR DE 5M; 143;2019-02-10;  2951.05 E
  4;   35;CHRONO FIL DE L'EAU;CHR39RF1A3;MS812DE BAC SUPPLEMENTAIRE; 147;2019-01-08;  2665.37 E
  3;  807;CHRONO PROJETS INFRASTRUCTURE;CHR76NP1HG;Câble DisplayPort mâle/mâle 3M;  49;2020-11-28;  2318.29 E
  3;   91;CHRONO FIL DE L'EAU;CHR10NF1HW;UC HP PRODESK 600 G5 i5 16GB 256SSD W10;  81;2020-04-20;  2121.41 E
  3;  418;CHRONO PROJETS INFRASTRUCTURE;CHR73NP0OA;CORDON SURMOULE RJ45 FTP CAT.6 DROIT 100 OHMS DE 5M;  85;2020-03-21;  2083.02 E
  4;  219;CHRONO PROJETS INFRASTRUCTURE;CHR73NP0HN;CORDON SURMOULE BLEU RJ45  FTP CAT6E 4P 100 OHMS DE 3M; 162;2018-09-30;  2079.97 E
  4;   43;CHRONO FIL DE L'EAU;CHR39NF1A3;MS812DE BAC SUPPLEMENTAIRE; 154;2018-11-26;  1905.85 E
  4;   78;CHRONO INCIDENT;CHR74NF006;CABLE POUR ANTENNE BORNE WIFI DE 10M; 371;2014-09-26;  1665.70 E
  3;  176;CHRONO PROJETS INFRASTRUCTURE;CHR43NP1AU;SWITCH CATALYST 2960-X 24PS-L LAN Base;  55;2020-10-14;  1532.28 E
  4;   19;COLI SHIPPING;CLP34RS0DW;IMPRIMANTE THERMIQUE M-4206-DT MARK I - THERMIQUE DIRECT (LP) - SERIE/PARAL; 268;2016-09-16;  1465.51 E
  3;  201;CHRONO PROJETS INFRASTRUCTURE;CHR76NP0AU;CORDON SVGA FERRITE DE 5M; 116;2019-08-18;  1366.95 E
  4;   30;CHRONO FIL DE L'EAU;CHR39NF1DD;BOUTEILLE DE RECUPERATION DE TONER LEXMARK POUR CS410DN; 278;2016-07-11;  1320.16 E
  3;   90;COLI SHIPPING;CLP34RS1B1;RECYCLE IMPRIMANTE DATAMAX E-4205A MARK III ETHERNET ;  50;2020-11-19;  1295.12 E
  3;   38;COLI FIL DE L'EAU;CLP34NF13K;IMPRIMANTE THERM. DATAMAX M4210 - DMX; 113;2019-09-04;  1235.84 E
  3;   60;CHRONO FIL DE L'EAU;CHR53RF19U;REPLICATEUR DE PORT LENOVO T460 RECYCLE; 130;2019-05-10;  1234.69 E
  3;  102;CHRONO PROJETS INFRASTRUCTURE;CHR45NP1H7;FORTIGATE 100E;  73;2020-06-11;  1178.65 E
  3;  317;CHRONO PROJETS INFRASTRUCTURE;CHR73NP154;CORDON  CAT6 DE 3M GRIS;  64;2020-08-17;  1167.80 E
  4;   14;CHRONO FIL DE L'EAU;CHR10NF1D8;UC LENOVO M700 i7 6700 8 Go 256SSD; 276;2016-07-25;  1112.08 E
  4;  137;CHRONO FIL DE L'EAU;CHR58NF1ET;BARRE DE SON HP LCD; 188;2018-03-30;  1111.91 E
  3;  270;CHRONO FIL DE L'EAU;CHR70NF0O7;RALLONGE USB2 A-A MALE-FEMELLE 5M;  63;2020-08-23;   997.25 E
  4;   71;CHRONO FIL DE L'EAU;CHR5BRF1CL;PLANTRONICS BLACKWIRE C310; 223;2017-07-31;   928.24 E
  3;  246;CHRONO FIL DE L'EAU;CHR73NF154;CORDON  CAT6 DE 3M GRIS;  63;2020-08-20;   892.08 E
  3;  175;CHRONO FIL DE L'EAU;CHR70NF0FP;CORDON USB TYPE A/B 1,8M;  86;2020-03-13;   882.34 E
  3;   20;CHRONO FIL DE L'EAU;CHR10NF1GH;UC HP PRODESK 600 G4 i5 16GB 256SSD PC FREEDOS; 136;2019-03-26;   782.83 E
  4;   61;COLI PROJET;CLP92NP1EM;Power Adapter (AC/DC) - Indoor AP700W; 222;2017-08-06;   779.49 E
  3;   27;COLI SHIPPING;CLP34RS0E1;IMPRIMANTE THERM. DATAMAX E4205;  99;2019-12-12;   769.30 E
  3;  123;CHRONO PROJETS INFRASTRUCTURE;CHR91NP1B3;LOT 50 VIS ECROUS ENJOLIVEURS POUR RACKAGE; 102;2019-11-24;   735.53 E
  3;  217;CHRONO SHIPPING;CHR34NS18P;PC43 LCD USB/ETHERNET ( ZPL);  21;2021-06-09;   721.34 E
  3;   22;COLI FIL DE L'EAU;CLP34NF1BC;IMPRIMANTE DATAMAX I-4212 DT, PEEL OF; 112;2019-09-10;   709.15 E
  4;   40;CHRONO FIL DE L'EAU;CHR54NF1AG;ALIMENTATION AVEC CORDON SECTEUR POUR SOCLE M3 ORANGE T ET WHITE; 300;2016-02-04;   703.52 E
  4;   41;CHRONO FIL DE L'EAU;CHR41NF19P;CARTE INTEL GIGABIT ADAPTATEUR RESEAU; 292;2016-03-30;   689.12 E
  4;   12;CHRONO INCIDENT;CHR43RF0T4;SWITCH CISCO CATALYST 3750V2 48PORTS 10/100 POE + 4SFP STD IMAGE; 189;2018-03-25;   652.74 E
  4;   75;CHRONO FIL DE L'EAU;CHR40NF1EY;CARTE INTEL ETHERNET I210-T1 PCIe x1 Gb NIC; 151;2018-12-16;   651.88 E
  3;   39;CHRONO FIL DE L'EAU;CHR32RF1A2;RECYCLE IMP LEXMARK MS812DE - MONOCHROME - LASER;  32;2021-03-27;   646.53 E
  4;   81;CHRONO FIL DE L'EAU;CHR47RF0T7;ADAPTATEUR RESEAU CISCO PCI RECYCLE; 184;2018-04-27;   643.42 E
  4;   55;CHRONO FIL DE L'EAU;CHR73NF16P;CORDON SURMOULE DROIT RJ45 FTP CAT.6 100 OHMS DE 1M; 188;2018-03-28;   606.20 E
  4;   30;COLI SHIPPING;CLP35NS1AL;CABLE SERIE DB9F/DB9M; 351;2015-02-14;   606.12 E
  3;  181;CHRONO FIL DE L'EAU;CHR53NF1GF;DOCKING USB-C OFFICE 3 X 4K - EU;  21;2021-06-11;   601.67 E
  3;  159;COLI SHIPPING;CLP73NS0OA;CORDON SURMOULE DROIT RJ45 FTP CAT.6  100 OHMS DE 5M;  62;2020-08-27;   577.95 E
  3;   68;CHRONO FIL DE L'EAU;CHR5ANF1CJ;SPIGRAPH MALETTE SAV;  52;2020-11-04;   559.72 E
  4;    5;CHRONO FIL DE L'EAU;CHR33NF1BY;IMPRIMANTE LASER CS410dn; 212;2017-10-16;   549.13 E
  3;   21;COLI FIL DE L'EAU;CLP34RF1BC;IMPRIMANTE DATAMAX I-4212 DT, PEEL Of;  90;2020-02-13;   543.95 E
  4;    5;CHRONO INCIDENT;CHR43NF0GK;SWITCH CISCO 2960S 48 PORTS 4 X SFP; 376;2014-08-25;   541.07 E
  3;  232;CHRONO PROJETS INFRASTRUCTURE;CHR74NP1FV;JARRETIERE OPTIQUE LC/SC 50/125 MULITMODE 2m OM4;  39;2021-02-04;   530.46 E
  3;   25;CHRONO FIL DE L'EAU;CHR53RF1CB;STATION D'ACCUEIL DELL LATITUDE E7450 RECYCLEE; 134;2019-04-09;   530.28 E
  3;   17;CHRONO PROJETS INFRASTRUCTURE;CHR43RP1H5;SWITCH CATALYST 2960-X 48 avec MODULE STACK et CABLE;  98;2019-12-21;   479.48 E
  3;  130;CHRONO PROJETS INFRASTRUCTURE;CHR73NP1B0;CORDON SURMOULE DROIT VERT RJ45 FTP CAT.6 -100 OHMS 250 Mhz 2M;  63;2020-08-20;   471.43 E
  4;    4;COLI PROJET;CLP45NP1EL;FORTINET FORTIGATE 200D; 227;2017-06-27;   470.39 E
  4;    7;CHRONO PROJETS INFRASTRUCTURE;CHR39NP1A3;BAC SUPPLEMENTAIRE IMPRIMANTE LEXMARK MS812DE; 201;2017-12-26;   404.94 E
  4;   38;CHRONO FIL DE L'EAU;CHR59NF0II;NUMERIC KEYPAD PC/MAC; 180;2018-05-27;   401.01 E
  4;    2;CHRONO INCIDENT;CHR48NF00H;HP DL380P G8 E5-2640 SERVEUR; 376;2014-08-19;   389.57 E
  3;   71;CHRONO FIL DE L'EAU;CHR76NF1HG;Câble DisplayPort mâle/mâle 3M;  93;2020-01-26;   387.11 E
  3;   38;COLI SHIPPING;CLP34RS1AI;RECYCLE IMPRIMANTE DATAMAX M-4206E DT MARK II;  34;2021-03-14;   371.84 E
  3;   54;CHRONO PROJETS HUB;CHR43NP1H9;Catalyst 9300 8 x 10GE Network Module;  42;2021-01-14;   359.01 E
  4;    6;CHRONO INCIDENT;CHR43NF198;SWITCH CATALYST 2960S 24 PORTS- LAN BASE; 376;2014-08-19;   357.11 E
  3;   23;CHRONO FIL DE L'EAU;CHR53RF1GF;DOCKING USB-C OFFICE 3 X 4K - EU;  95;2020-01-07;   345.87 E
  3;    9;COLI FIL DE L'EAU;CLP34RF1AM;IMPRIMANTE DATAMAX M-4206E DT MARK II RECYCLE; 133;2019-04-19;   344.50 E
  3;  347;COLI SHIPPING;CLP70NS0FP;CORDON USB TYPE A/B 1,8M;  17;2021-07-09;   339.55 E
  2;  116;COLI SHIPPING;CLP34NS1B1;IMPRIMANTE DATAMAX E-4205A MARK III ETHERNET ;  10;2021-08-24;   333.85 E
  4;    8;COLI FIL DE L'EAU;CLP34NF1DP;IMPRIMANTE INTERMEC PC43d WIFI BT; 262;2016-10-27;   331.78 E
  4;   19;CHRONO INCIDENT;CHR47NF024;BORNE WIFI CISCO 1602e; 376;2014-08-24;   308.41 E
  4;   27;CHRONO PROJETS INFRASTRUCTURE;CHR74NP1CG;CISCO 2960-X BLADESWICTH 1M; 198;2018-01-22;   307.72 E
  3;   54;CHRONO PROJETS HUB;CHR43NP1H8;Catalyst 9300 48-port PoE+, Network Essentials;  36;2021-02-28;   307.72 E
  4;   34;CHRONO FIL DE L'EAU;CHR5ANF1BO;KV-SS061 - KIT DE CONSOMMABLES KV-S1057; 154;2018-11-20;   301.39 E
  4;    5;CHRONO INCIDENT;CHR48RF1EB;SERVEUR HP DL 360 GEN9; 199;2018-01-14;   286.37 E
  4;   12;CHRONO INCIDENT;CHR54NF19H;POWER INJECTOR FOR AP 1600; 376;2014-08-25;   259.72 E
  4;   18;CHRONO PROJETS INFRASTRUCTURE;CHR73NP16R;CORDON SURMOULE  DROIT RJ45 FTP CAT.6 100 OHMS DE 10M; 245;2017-02-21;   258.55 E
  3;  105;CHRONO FIL DE L'EAU;CHR76NF0AU;CORDON SVGA FERRITE DE 5M;  42;2021-01-12;   258.55 E
  4;   27;COLI FIL DE L'EAU;CLP51NF1BI;SOURIS 2 BOUTONS MOLETTE CENTRALE USB 1,50M; 166;2018-09-01;   257.99 E
  4;   22;CHRONO FIL DE L'EAU;CHR54NF1E7;ALIMENTATION 4 empl AVEC CORDON SECTEUR pour SOCLE M3 ORANGE,T ET WHITE; 199;2018-01-09;   256.67 E
  4;    9;CHRONO INCIDENT;CHR43RF198;SWITCH CATALYST 2960S 24 PORTS- LAN BASE; 179;2018-06-03;   255.01 E
  2;   98;CHRONO FIL DE L'EAU;IMPRIMANTE;IMPRIMANTE GENERIQUE;   5;2021-09-30;   253.84 E
  3;   39;CHRONO FIL DE L'EAU;CHR76NF1DR;KIT ADAPTATEUR VIDEO HDMI/VGA/AUDIO; 112;2019-09-10;   251.43 E
  2;  314;CHRONO FDV;CHR11NP1JL;PORTABLE LENOVO T14 G1 touch i5 16 GB 256 SSD;   5;2021-09-30;   248.52 E
  4;    4;CHRONO INCIDENT;CHR74NF196;JARRETIERE OPTIQUE LC/SC 50/125 MULITMODE 2 METRES- OM3; 380;2014-07-23;   240.61 E
  3;    8;CHRONO INCIDENT;CHR43RF0GK;SWITCH CISCO 2960S 48 PORTS 4 X SFP RECYCLE; 104;2019-11-10;   239.45 E
  4;    8;CHRONO INCIDENT;CHR45RF19G;FORTIGATE 100D 10/100/1000 WAN PORT 16GO; 176;2018-06-24;   222.88 E
  4;    7;CHRONO FIL DE L'EAU;CHR51NF0VC;STANDARD WHEEL MOUSE / CLT TLT; 550;2011-04-21;   221.61 E
  3;   40;CHRONO FIL DE L'EAU;CHR10RF1ER;UC HP PRODESK 600 G3 SMALL FORM FACTOR PC WIN 10 + CARTE WIFI RECYCLE;  19;2021-06-28;   218.73 E
  3;  130;CHRONO PROJETS INFRASTRUCTURE;CHR41NP199;2960-X OPTIONAL CISCO FLEXSTACK;  28;2021-04-26;   209.52 E
  4;    3;CHRONO INCIDENT;CHR47NF136;ANTENNE DEPORTE EXTERIEUR CISCO POUR ADAPTATEUR RESEAU; 441;2013-05-21;   209.42 E
  4;    7;COLI PROJET;CLP74NP18I;CABLE CLAVIER /SOURIS /VIDEO DE 1,8M; 504;2012-03-09;   206.84 E
  4;    1;CHRONO INCIDENT;CHR48NF098;HP PROLIANT DL380 GEN8 64 GO RAM; 381;2014-07-17;   197.38 E
  2;   84;CHRONO FIL DE L'EAU;CHR25NF1JK;ECRAN LENOVO 22'' ref T22i-20;   8;2021-09-09;   193.41 E
  4;    6;CHRONO INCIDENT;CHR45NF1CE;FORTIGATE 200D 18xGE RJ45; 200;2018-01-04;   189.95 E
  3;   77;CHRONO FIL DE L'EAU;CHR70NF1HT;Cordon USB USB 3.1 Gen1 USB-C - USB-C 1,80m pour docking universelle Port;  42;2021-01-16;   189.60 E
  3;   85;CHRONO FIL DE L'EAU;CHR73NF0OA;CORDON SURMOULE RJ45 FTP CAT.6 DROIT 100 OHMS DE 5M;  38;2021-02-09;   189.37 E
  4;    2;COLI SHIPPING;CLP34RS1AO;RECYCLE IMPRIMANTE DATAMAX M-4206 DT peel off eth; 326;2015-08-04;   187.65 E
  3;   11;CHRONO PROJETS INFRASTRUCTURE;CHR61NP1G4;SCANNER DE DOCUMENTS PANASONIC KV S5076H;  57;2020-10-01;   180.45 E
  3;   39;CHRONO PROJETS HUB;CHR77NP1HP;Cordon raclette;  78;2020-05-07;   178.34 E
  3;   48;CHRONO PROJETS INFRASTRUCTURE;CHR99NP1B4;LIEN POUR CABLES (RISLAN TRANSLUCIDE BLANC 29 cm x 0,48 cm) X 100;  64;2020-08-17;   176.83 E
  3;    1;CHRONO PROJETS INFRASTRUCTURE;CHR98RP1JB;BAIE 42U reconditionnée;  41;2021-01-19;   171.10 E
  4;   19;CHRONO FIL DE L'EAU;CHR41RF19P;CARTE INTEL GIGABIT ADAPTATEUR RESEAU; 156;2018-11-07;   170.61 E
  2;  318;CHRONO PROJETS HUB;CHR41NP1HR;1000BASE-T SFP transceiver module;   9;2021-08-31;   164.74 E
  3;   15;CHRONO FIL DE L'EAU;CHR32RF1G3;IMP LEXMARK MS826DE RECYCLE;  21;2021-06-12;   163.19 E
  4;    7;CHRONO INCIDENT;CHR74NF19D;CISCO 2960-X BLADESWITCH 0,5M; 385;2014-06-19;   155.13 E
  4;   15;CHRONO FIL DE L'EAU;CHR50RF1D0;BARRETTE DE 4Go DE RAM POUR RP 5800; 176;2018-06-19;   154.78 E
  4;    2;COLI FIL DE L'EAU;CLP34RF194;IMPRIMANTE THERM.DATAMAX M-4206- DT-203 DPI-6 IPS PEEL OFF RECYCLEE; 264;2016-10-13;   151.96 E
  3;   20;COLI PROJET;CLP73NP0OA;CORDON SURMOULE DROIT RJ45 FTP CAT.6  100 OHMS DE 5M; 122;2019-07-03;   143.05 E
  3;    5;CHRONO PROJETS INFRASTRUCTURE;CHR43RP1H4;SWITCH CATALYST 2960-X 24 avec MODULE STACK et CABLE;  96;2020-01-05;   138.15 E
  3;  116;CHRONO FIL DE L'EAU;CHR77NF14S;CORDON SECTEUR STANDARD NOIR;  20;2021-06-19;   136.01 E
  4;    1;COLI FIL DE L'EAU;CLP32NF1BF;HP LASERJET NOIR ET BLANC ENTREPRISE M605X; 259;2016-11-18;   134.17 E
  4;    9;COLI FIL DE L'EAU;CLP78NF15R;LENOVO SECURITY CABLE LOCK - CABLE DE VERROUILLAGE; 250;2017-01-18;   131.91 E
  2;   28;CHRONO PROJETS INFRASTRUCTURE;CHR48NP1JZ;Serveur DELL PowerEdge R240 MLK Motherboard Inte Xeon E-2226G 3.4GHz;   9;2021-09-04;   130.55 E
  3;    9;COLI FIL DE L'EAU;CLP34RF13K;IMPRIMANTE THERM. DATAMAX M4210 - DMX RECYCLEE;  49;2020-11-27;   126.92 E
  3;   12;CHRONO FIL DE L'EAU;CHR10RF1HW;UC HP PRODESK 600 G5 i5 16GB 256SSD W10;  36;2021-02-27;   124.33 E
  3;  151;CHRONO FIL DE L'EAU;CHR78NF1GT;CABLE DE SECURITE MOBILIS;  19;2021-06-22;   123.86 E
  4;    5;CHRONO FIL DE L'EAU;CHR45NF1G9;FortiWiFi-60E; 156;2018-11-06;   123.47 E
  4;    7;CHRONO PROJETS INFRASTRUCTURE;CHR41NP1CH;FORTIGATE SFP W/LC CONNECTOR TRANSCEIVER SX; 305;2015-12-31;   122.89 E
  4;    4;COLI PROJET;CLP71NP0LP;CABLE SERIE DB9F/DB25M; 521;2011-11-10;   122.18 E
  3;  127;CHRONO PROJETS INFRASTRUCTURE;CHR73NP1B1;CORDON SURMOULE DROIT VIOLET RJ45 FTP CAT.6 -100 OHMS 250 Mhz 2M;  16;2021-07-16;   116.96 E
  3;   24;CHRONO FIL DE L'EAU;CHR12RF1CR;CHROMEBOOK ACER C738T C3YL;  29;2021-04-14;   110.17 E
  3;   19;CHRONO FIL DE L'EAU;CHR5BNF1H3;Protection de coussinets pour casque Plantronics 5220; 100;2019-12-06;   109.37 E
  3;    9;CHRONO SHIPPING;CHR10NS1E6;UC HP DC7800 CHRONOSHIP Windows 7 32Bits;  42;2021-01-14;   108.79 E
  3;   18;CHRONO FIL DE L'EAU;CHR10RF1C3;UC DELL OPTIPLEX CHR 3020SFF;  21;2021-06-08;   108.79 E
  3;   21;COLI FIL DE L'EAU;CLP10NF1J5;UC DELL OPTIPLEX CLP 3070 SFF;  18;2021-06-30;   108.79 E
  4;    9;CHRONO FIL DE L'EAU;CHR54NF1G5;DELL ADAPTATEUR SECTEUR 65W NOMADE; 205;2017-11-30;   106.20 E
  3;  123;CHRONO PROJETS INFRASTRUCTURE;CHR47NP1GU;BORNE WIFI Aruba AP-345 (RW) Unified AP;  20;2021-06-21;   106.20 E
  4;   17;CHRONO INCIDENT;CHR47RF19J;AIR-SAP1602E-E-K9 ANTENNE WIFI + 3 ANTENNES; 143;2019-02-07;   104.95 E
  4;    3;CHRONO PROJETS INFRASTRUCTURE;CHR43RP1AT;SWITCH CATALYST 2960-X 48LPS-L LAN Base; 214;2017-10-01;   101.62 E
  2;  212;CHRONO PROJETS HUB;CHR43NP1GN;10GBASE SR SFP MODULE;   8;2021-09-07;    99.43 E
  3;   43;CHRONO FIL DE L'EAU;CHR76NF1C8;DISPLAY PORT VERS DISPLAY PORT 2M;  40;2021-01-28;    99.01 E
  3;    7;CHRONO FIL DE L'EAU;CHR10RFSTT;UC CHR DELOC RECYCLE;  49;2020-11-27;    98.72 E
  4;    3;CHRONO INCIDENT;CHR43RF1DI;SWITCH CISCO CATALYST 3750G-24T-S 24 ports; 192;2018-03-05;    91.18 E
  2;   86;CHRONO PROJETS INFRASTRUCTURE;CHR32NP1G3;IMP LEXMARK MS826DE;   2;2021-10-19;    89.10 E
  3;   12;COLI SHIPPING;CLP34RS1AM;RECYCLE IMPRIMANTE DATAMAX M-4206E DT MARK II;  25;2021-05-14;    86.34 E
  2;  205;CHRONO PROJETS INFRASTRUCTURE;CHR73NP1JG;Lot de 10 Cordons Surmoules droit bleu RJ45 FTP CAT.6 2M;   7;2021-09-15;    84.13 E
  3;   17;CHRONO PROJETS INFRASTRUCTURE;CHR43NP1AT;SWITCH CATALYST 2960-X 48LPS-L LAN Base;  17;2021-07-09;    83.18 E
  3;   12;COLI FIL DE L'EAU;CLP73NF0OA;CORDON SURMOULE DROIT RJ45 FTP CAT.6  100 OHMS DE 5M; 117;2019-08-06;    82.31 E
  3;   25;CHRONO FIL DE L'EAU;CHR63RF1AD;M3ORA+W6,5,3 512/1GORAM/FLASH,AZERT,VGA RECYCLE SANS CAPOT;  54;2020-10-21;    81.59 E
  3;    3;COLI FIL DE L'EAU;CLP34NF1HU;IMPRIMANTE INTERMEC PM43A;  92;2020-01-31;    79.43 E
  3;   13;CHRONO FIL DE L'EAU;CHR40RF18U;D-LINK CARTE RESEAU PCI FAST ETHERNET 10/100MBPS RECYCLE; 140;2019-03-01;    78.57 E
  3;   29;CHRONO FIL DE L'EAU;CHR34NF18P;PC43D LCD USB/ETHERNET ( ZPL);  17;2021-07-06;    78.04 E
  2;   49;CHRONO PROJETS INFRASTRUCTURE;CHR34NP1JY;PC43D LCD USB/ETHERNET ( ZPL RESEAU) carte montée;  10;2021-08-26;    77.56 E
  2;   11;COLI FIL DE L'EAU;IMPRIMANTE;IMPRIMANTE GENERIQUE;  13;2021-08-06;    74.08 E
  3;    8;CHRONO PROJETS HUB;CHR43NP1HL;Catalyst 9500 40-port 10Gig switch;  32;2021-03-26;    73.68 E
  3;    1;COLI FIL DE L'EAU;CLP35NF1B5;IMPRIMANTE HP LASERJET PRO MFP M521DN N&B; 140;2019-03-01;    72.53 E
  3;    4;CHRONO FIL DE L'EAU;CHR10RF1D8;UC LENOVO M700 i7 6700 8 Go 256SSD;  63;2020-08-20;    72.53 E
  3;   30;CHRONO FIL DE L'EAU;CHR5ANF1H6;KV-SS060 - KIT DE ROULEAUX POUR KV S5076H;  42;2021-01-15;    72.53 E
  2;   17;CHRONO FIL DE L'EAU;CHR39NF1G6;MS826DE BAC SUPPLEMENTAIRE;   8;2021-09-13;    70.45 E
  4;   27;CHRONO SHIPPING;CHR99NS1FR;CARTON 50X40X25; 177;2018-06-18;    68.77 E
  3;    5;CHRONO FIL DE L'EAU;CHR12RF1E9;CHROMEBOOK ACER C738 C4JE RECYCLE;  84;2020-03-29;    66.48 E
  4;   10;CHRONO FIL DE L'EAU;CHR40RF0Y1;SMC1255TX-1 RECYCLE; 153;2018-11-27;    66.05 E
  4;    8;CHRONO INCIDENT;CHR47NF1DC;CARTE RESEAU INTEL INTEL DUAL BAND WIRELESS-AC 72 60; 143;2019-02-07;    65.85 E
  2;   18;COLI PROJET;CLP32NP1HK;KYOCERA P3145DN IMPRIMANTE LASER N&B;   7;2021-09-17;    65.27 E
  3;    9;COLI PROJET;CLP73NP05Y;TLT-058/003.0 CORDON DE BRASSAGE; 122;2019-07-03;    64.37 E
  3;    8;COLI PROJET;CLP54NP1EL;POWER INJECTOR FOR AP 1830; 136;2019-03-29;    62.63 E
  3;   70;CHRONO FIL DE L'EAU;CHR76NF1E1;CORDON SVGA FERRITE DE LONGUEUR STANDARD;  15;2021-07-22;    61.56 E
  3;   26;CHRONO FIL DE L'EAU;CHR5BNF1CO;CABLE CASQUE SEQD;  39;2021-02-06;    59.45 E
  4;    2;CHRONO INCIDENT;CHR43RF1AU;SWITCH CATALYST 2960-X 24PS-L LAN Base; 181;2018-05-19;    57.30 E
  4;    5;CHRONO FIL DE L'EAU;CHR55NF1C9;BATTERIE PORTABLE LENOVO T460; 199;2018-01-11;    57.27 E
  2;   60;CHRONO FIL DE L'EAU;SWITCH;SWITCH GENERIQUE;   6;2021-09-27;    56.99 E
  4;   20;CHRONO SHIPPING;CHR99NS1EE;RAJABOX 30x20x15 cm; 194;2018-02-14;    55.83 E
  3;   10;CHRONO INCIDENT;CHR47RF024;BORNE WIFI CISCO 1602e; 124;2019-06-18;    53.53 E
  3;   16;CHRONO FIL DE L'EAU;CHR78NF1FD;CABLE DE SECURITE HP;  77;2020-05-12;    53.19 E
  3;    2;COLI FIL DE L'EAU;CLP32RF1F2;KYOCERA P3045DN IMPRIMANTE LASER N&B RECYCLEE;  51;2020-11-11;    52.84 E
  4;    4;CHRONO SHIPPING;CHR99NS1A1;CARTON 55x55x50 DC - CAD24A; 301;2016-01-29;    51.98 E
  2;   11;CHRONO FIL DE L'EAU;CHR32NF1G3;IMP LEXMARK MS826DE;   9;2021-09-04;    51.29 E
  2;   91;CHRONO PROJETS INFRASTRUCTURE;CHR47NP1HS;KIT DE MONTAGE ARUBA pour AP Indoor;  13;2021-08-03;    51.07 E
  3;    2;COLI PROJET;CLP10RP1F0;UC DELL OPTIPLEX CLP 3050 SFF RECYCLEE;  86;2020-03-13;    49.50 E
  2;   50;CHRONO FIL DE L'EAU;CHR11NF1JP;Portable HP Elitebook 840 G8 - 14" - Core Is5 1135G7 - 16Go RAM 512  Go SSD;   6;2021-09-24;    47.49 E
  3;    2;CHRONO PROJETS INFRASTRUCTURE;CHR25NP1ES;ECRAN 22" HP; 141;2019-02-22;    44.64 E
  4;    2;CHRONO INCIDENT;CHR47NF005;Antenne Mimo Exterieur; 380;2014-07-25;    43.75 E
  2;   21;CHRONO FIL DE L'EAU;CHR61NF1JH;SCANNER DE DOCUMENTS PANASONIC KV S1058Y U;   7;2021-09-15;    42.31 E
  3;    6;CHRONO FIL DE L'EAU;CHR10RF1DF;UC DELL OPTIPLEX CHR 3040SFF;  24;2021-05-19;    41.44 E
  4;    2;COLI SHIPPING;CLP36NS0UO;RECYCLE KIT REENROULEUR SUPPORT DATAMAX I4208; 351;2015-02-12;    40.41 E
  3;    4;COLI FIL DE L'EAU;CLP10RF1F0;UC DELL OPTIPLEX CLP 3050 SFF RECYCLEE;  35;2021-03-06;    40.29 E
  3;    7;CHRONO PROJETS INFRASTRUCTURE;CHR34NP18P;PC43D LCD USB/ETHERNET (ZPL RESEAU);  36;2021-03-01;    39.89 E
  3;    6;COLI FIL DE L'EAU;CLP34NF1BD;IMPRIMANTE DATAMAX I-4212 DT-PEEL OF ETHERNET;  23;2021-05-26;    39.72 E
  4;    1;TELINTRANS;TLT53NF19U;REPLICATEUR DE PORT T440/T440S; 246;2017-02-14;    38.94 E
  3;    3;CHRONO PROJETS INFRASTRUCTURE;CHR43RP1AU;SWITCH CATALYST 2960-X 24PS-L LAN Base RECYCLE;  79;2020-05-04;    37.52 E
  3;   12;CHRONO FIL DE L'EAU;CHR76NF0YJ;RALLONGE VGA MONITEUR 5M;  53;2020-11-02;    37.29 E
  2;  235;COLI SHIPPING;CLP34NS1AH;IMPRIMANTE DATAMAX E-4204 MARK III;   1;2021-10-26;    37.20 E
  4;    4;CHRONO FIL DE L'EAU;CHR68NF1GB;TESTO 103 thermomètre repliable; 159;2018-10-17;    36.61 E
  3;   39;CHRONO FIL DE L'EAU;CHR41NF0BQ;MODULE ETHERNET POUR PC43;  16;2021-07-18;    35.92 E
  3;   31;CHRONO FIL DE L'EAU;CHR5ANF1JN;KV-SS061 - KIT CONSOMMABLES ROULEAUX POUR KV-S1058Y-U  ;  20;2021-06-16;    35.69 E
  3;    5;CHRONO FIL DE L'EAU;CHR76NF1E5;Câble HDMI vers VGA portable; 118;2019-07-30;    34.59 E
  3;   12;CHRONO FIL DE L'EAU;CHR74NF11Q;CORDON AUDIO JACK M/M 5M;  49;2020-11-30;    34.47 E
  2;   66;CHRONO FIL DE L'EAU;CHR55NF1JR;Batterie PSM haute capacité TC56/TC57;   9;2021-09-02;    34.19 E
  3;   14;CHRONO SHIPPING;CHR34RS18R;PC43 LCD USB/SERIE/ETHERNET ( FINGER PRINT) RECYCLE;  15;2021-07-23;    33.24 E
  2;    8;CHRONO PROJETS INFRASTRUCTURE;CHR48NP1BJ;HP DL 160 GEN9 4LFF CTO SERVEUR;   8;2021-09-09;    33.16 E
  3;    3;CHRONO FIL DE L'EAU;CHR10RF1F4;UC HP PRODESK 600 G3 SMALL FORM FACTOR PC FREEDOS  + CARTE WIFI RECYCLE;  37;2021-02-20;    31.95 E
  4;    2;CHRONO FIL DE L'EAU;CHR60NF1DB;LECTEUR DVD EXTERNE USB 2.0; 274;2016-08-05;    31.54 E
  4;    3;CHRONO FIL DE L'EAU;CHR50RF1D6;BARRETTE DE 4Go DE RAM POUR M79; 175;2018-06-27;    30.78 E
  3;   18;CHRONO FIL DE L'EAU;CHR91NF0JU;SACHET DE 4 VIS A TETE 6 PANS;  29;2021-04-16;    30.60 E
  3;    6;CHRONO FIL DE L'EAU;CHR78NF1CC;CABLE DE SECURITE DELL;  84;2020-03-29;    29.55 E
  4;    4;CHRONO FIL DE L'EAU;CHR40RF17U;SMC1255TX-2 RECYCLE; 155;2018-11-16;    26.77 E
  4;    1;COLI FIL DE L'EAU;CLP76NF192;CABLE D'EXTENSION USB AA M/F 15 CM; 451;2013-03-12;    26.44 E
  2;   54;COLI SHIPPING;CLP34RS1AH;RECYCLE IMPRIMANTE DATAMAX E-4204 MARK III;   3;2021-10-17;    25.64 E
  3;   16;CHRONO FIL DE L'EAU;CHR76NF1GD;CORDON HDMI vers HDMI 2m;  27;2021-04-29;    25.33 E
  3;    1;COLI PROJET;CLP10RP1BM;DELL OPTIPLEX 3040 SFF-CORE i58 GO;  86;2020-03-13;    24.75 E
  3;    6;CHRONO FIL DE L'EAU;CHR55RF1EP;BATTERIE 3300MA Li-ION POUR M3 RECYCLEE;  71;2020-06-29;    24.52 E
  3;    3;CHRONO PROJETS INFRASTRUCTURE;CHR10RP1ER;UC HP PRODESK 600 G3 SMALL FORM FACTOR PC WIN 10 + CARTE WIFI RECYCLE;  27;2021-05-03;    23.31 E
  3;    1;CHRONO PROJETS INFRASTRUCTURE;CHR43RP0T4;SWITCH CISCO CATALYST 3750V2 48PORTS 10/100 POE + 4SFP STD IMAGE;  79;2020-05-04;    22.74 E
  4;    1;CHRONO INCIDENT;CHR45RF1G9;FORTIGATE 60E RECYCLE; 143;2019-02-08;    22.64 E
  3;    6;CHRONO PROJETS INFRASTRUCTURE;CHR74NP196;JARRETIERE OPTIQUE LC/SC 50/125 MULITMODE 2 METRES- OM3;  64;2020-08-17;    22.51 E
  3;   26;CHRONO FIL DE L'EAU;CHR51NF1B6;SOURIS USB GENERIQUE;  15;2021-07-21;    22.45 E
  2;    3;COLI FIL DE L'EAU;CLP33NF1I2;LEXMARK CS521DN A4 LASER COULEUR;  14;2021-07-30;    21.76 E
  2;   39;CHRONO PSM;ZEBRA TC56;ZEBRA TC56 EN ATTENTE DE TRAITEMENT;   9;2021-09-01;    21.21 E
  3;    7;CHRONO FIL DE L'EAU;CHR5ANF1BN;KV-SS039  - KIT DE ROULEAUX POUR KV S5055C;  52;2020-11-03;    20.95 E
  3;   22;CHRONO FIL DE L'EAU;CHR5BNF1BP;SENNHEISER CASQUE/MICRO POUR AUDIO CONFERENCE SUR TEL FIXE;  16;2021-07-16;    20.64 E
  2;   18;CHRONO FIL DE L'EAU;CHR11NF1JL;PORTABLE LENOVO T14 G1 touch i5 16 GB 256 SSD;   7;2021-09-15;    19.94 E
  3;   20;CHRONO FIL DE L'EAU;CHR92NF012;BLOC MULTIPRISES 6 PRISES + IN CABLE 1,5 METRES;  17;2021-07-11;    19.93 E
  4;    1;CHRONO INCIDENT;CHR99NF09A;ALIMENTATION REDONDANTE HOT PLUG pour srv DL380e; 335;2015-06-08;    19.28 E
  3;   10;COLI PROJET;CLP70NP0FP;CORDON USB TYPE A/B 1,8M;  32;2021-03-23;    18.76 E
  2;   12;CHRONO FIL DE L'EAU;SERVEUR;SERVEUR GENERIQUE;   3;2021-10-13;    18.65 E
  2;   23;CHRONO SHIPPING;CHR70NS1EF;Uniformatic câble USB 3 m pour PM43C;  14;2021-08-02;    18.53 E
  2;    9;CHRONO PROJETS INFRASTRUCTURE;CHR25NP1K0;Acer V227Qbmipx 21,5" (55cm) 16:9;  13;2021-08-09;    18.52 E
  3;    5;CHRONO PROJETS INFRASTRUCTURE;CHR99NP19B;ROULEAU VELCRO DE 5M - LARGEUR DE 2 CM NOIR;  64;2020-08-17;    18.42 E
  3;    1;CHRONO PROJETS INFRASTRUCTURE;CHR48RP1BJ;HP DL 160 GEN9 4LFF CTO SERVEUR RECYCLE;  35;2021-03-08;    18.13 E
  2;   38;CHRONO SHIPPING;CHR34RS18Q;PC43 LCD USB/SERIE/ETHERNET ( ZPL) RECYCLE;   3;2021-10-15;    18.05 E
  3;    3;TELINTRANS;TLT11RF1F3;PORTABLE DELL LATITUDE CHR E7480 14" WIN 10;  32;2021-03-26;    15.20 E
  3;    2;COLI FIL DE L'EAU;CLP70NF0FP;CORDON USB TYPE A/B 1,8M; 127;2019-05-28;    14.89 E
  3;    7;CHRONO PROJETS INFRASTRUCTURE;CHR41NP0BQ;MODULE ETHERNET POUR PC43;  36;2021-03-01;    14.51 E
  3;    1;CHRONO FIL DE L'EAU;CHR34RF1BY;IMPRIMANTE LASER CS410dn;  27;2021-04-27;    13.99 E
  2;    6;CHRONO FIL DE L'EAU;CHR10RF1GH;UC HP PRODESK 600 G4 i5 16GB 256SSD PC FREEDOS;   8;2021-09-08;    13.81 E
  3;    2;CHRONO FIL DE L'EAU;CHR54NF1DU;DELL ADAPTATEUR SECTEUR 65W; 119;2019-07-23;    13.70 E
  4;    1;COLI FIL DE L'EAU;CLP99NF1DV;ADAPTATEUR LENOVO CABLE VGA -MINI DISPLAYPORT; 234;2017-05-11;    13.47 E
  4;    1;CHRONO FIL DE L'EAU;CHR50NF1EN;BARRETTE DE MEMOIRE 8Go  POUR M700; 228;2017-06-22;    13.37 E
  2;   12;CHRONO SHIPPING;ZEBRA ZD220D;IMPRIMANTE ZEBRA ZD220d;   7;2021-09-19;    13.30 E
  3;    3;CHRONO FIL DE L'EAU;CHR10RF1HY;UC HP PRODESK 600 G5 i5 16GB 256SSD Freedos;  15;2021-07-24;    12.95 E
  3;    3;CHRONO FIL DE L'EAU;CHR12RF1FS;CHROMEBOOK ACER 11 R751T-C8D8 RECYCLE;  27;2021-05-03;    12.82 E
  3;    1;CHRONO FIL DE L'EAU;CHR61NF1G4;SCANNER DE DOCUMENTS PANASONIC KV S5076H;  44;2021-01-04;    12.66 E
  3;    1;CHRONO PROJETS INFRASTRUCTURE;CHR45RP19G;FORTIGATE 100D 10/100/1000 WAN PORT 16GO RECYCLE;  79;2020-05-04;    12.51 E
  4;    1;CHRONO FIL DE L'EAU;CHR39NF1C1;CARTOUCHE MAGENTA POUR IMP CS410dn; 217;2017-09-11;    12.49 E
  2;    8;CHRONO PROJETS INFRASTRUCTURE;CHR27RP1K3;ECRAN HP 20"  ref HP LA2006x;   9;2021-09-03;    11.40 E
  3;    2;CHRONO PROJETS HUB;CHR74NP1HA;Cisco 9xxx Stacking Cable type 1- 50cm;  95;2020-01-10;    11.14 E
  4;    1;CHRONO FIL DE L'EAU;CHR50RF1D3;BARRETTE DE 4Go DE RAM POUR M78; 175;2018-06-27;    10.26 E
  2;   23;COLI PROJET;CLP63NP1HF;LECTEUR CAB filaire 2 D Honeywell Graphite 1910I;  10;2021-08-27;     9.93 E
  2;   86;CHRONO PROJETS INFRASTRUCTURE;CHR39NP1G6;MS826DE BAC SUPPLEMENTAIRE;   2;2021-10-19;     9.90 E
  2;   18;CHRONO FIL DE L'EAU;CHR77NF06D;CABLE ALIMENTATION SECTEUR NOIR DE 5M;   9;2021-09-05;     9.50 E
  2;    2;CHRONO SHIPPING;ZEBRA DIVERS;MATERIEL DIVERS ZEBRA;   9;2021-09-03;     9.32 E
  3;    3;CHRONO FIL DE L'EAU;CHR5BNF1BR;SENNHEISER CABLE USB POUR CASQUE VISIO CONFERENCE (PRISE USB);  50;2020-11-20;     8.79 E
  3;    4;COLI PROJET;CLP63NP1BL;E44260-LECT. CAB 2D  Granit 1911i + Base;  50;2020-11-23;     8.63 E
  2;    8;CHRONO FIL DE L'EAU;ECRAN;ECRAN GENERIQUE;   2;2021-10-23;     8.25 E
  3;    1;TELINTRANS;TLT78NF1CC;CABLE DE SECURITE DELL; 134;2019-04-12;     7.86 E
  2;    3;CHRONO PROJETS HUB;CHR48NP1GX;HP Prolant DL 360 GEN 10 8SFF Xeon silver 4214R;   9;2021-08-31;     7.77 E
  2;    7;CHRONO FIL DE L'EAU;CHR56NF1BI;SACOCHE PORT HANOI CLAMSHELL 15,6";   7;2021-09-17;     7.76 E
  3;    4;CHRONO PROJETS INFRASTRUCTURE;CHR74NP1FZ;JARRETIERE OPTIQUE LC/LC 50/125 MULITMODE 2m OM4;  32;2021-03-24;     7.50 E
  1;   14;CHRONO SHIPPING;IMPRIMANTE;IMPRIMANTE GENERIQUE;   1;2021-10-27;     7.25 E
  3;    2;CHRONO FIL DE L'EAU;CHR34NF1JY;PC43D LCD USB/ETHERNET ( ZPL RESEAU) carte montée;  22;2021-06-03;     6.96 E
  3;    7;CHRONO FIL DE L'EAU;CHR47RF1F5;CARTE WIFI HP600 G3 ET G4 - ref 7265802.11AC PCIe X1 RECYCLE;  22;2021-06-06;     6.65 E
  3;    6;CHRONO PROJETS INFRASTRUCTURE;CHR92NP012;BLOC MULTIPRISES 6 PRISES + IN CABLE 1,5 METRES;  18;2021-07-03;     6.33 E
  2;    4;COLI FIL DE L'EAU;CLP32NF1I1;LEXMARK MS431DN A4 LASER N&B;   3;2021-10-15;     6.22 E
  3;    7;CHRONO FIL DE L'EAU;CHR78NF15R;LENOVO SECURITY CABLE LOCK-CABLE DE VERROUILLAGE;  15;2021-07-25;     6.16 E
  3;    7;CHRONO PROJETS INFRASTRUCTURE;CHR73NP1JT;Lot de 10 Cordons Surmoules Droit RJ45 FTP CAT.6 - 250 Mhz 2M;  15;2021-07-20;     6.16 E
  2;   10;CHRONO PSM;ZEBRA TC56 SS;ZEBRA TC56 PRET SANS SLED;  10;2021-08-29;     6.04 E
  3;    1;CHRONO FIL DE L'EAU;CHR5BNF1EX;SENNHEISER CASQUE SANS FIL DW30 PHONE;  98;2019-12-23;     5.75 E
  2;    7;TELINTRANS;TLT11NF1JP;Portable HP Elitebook 840 G8 - 14" - Core Is5 1135G7 - 16Go RAM 512  Go SSD;   5;2021-09-30;     5.54 E
  3;    1;CHRONO FIL DE L'EAU;CHR10NF1HY;UC HP PRODESK 600 G5 i5 16GB 256SSD Freedos;  19;2021-06-23;     5.47 E
  2;   11;CHRONO PSM;ZEBRA TC57;ZEBRA TC57 EN ATTENTE DE TRAITEMENT;   8;2021-09-12;     5.32 E
  2;    2;COLI FIL DE L'EAU;CLP32RF1HK;KYOCERA P3145DN IMPRIMANTE LASER N&B;   5;2021-10-04;     5.18 E
  3;    2;CHRONO FIL DE L'EAU;CHR11RF1GA;PORTABLE HP EliteBook 840 G5 - i5 - 256Go SSD - 16GB;  16;2021-07-16;     5.07 E
  2;    4;CHRONO SHIPPING;ZEBRA GC420D;IMPRIMANTE ZEBRA GC420d;   8;2021-09-12;     5.07 E
  2;   16;CHRONO PROJETS HUB;CHR77NP14S;CORDON SECTEUR STANDARD NOIR;   5;2021-09-28;     4.69 E
  1;   74;CHRONO PSM;ZEBRA TC56 RET;ZEBRA TC56 EN ATTENTE DE TRAITEMENT;   1;2021-11-01;     4.47 E
  3;    3;CHRONO FIL DE L'EAU;CHR47RF1A7;CARTE RESEAU WI-FI / ADAPTATEUR RESEAU - PCIe INTEL RECYCLE;  32;2021-03-23;     4.14 E
  2;    1;CHRONO FIL DE L'EAU;CHR61NF1BT;SCANNER DE DOCUMENTS PANASONIC KV S5055C;  14;2021-07-29;     4.03 E
  3;    3;CHRONO FIL DE L'EAU;CHR76NF1CS;Câble HDMI vers VGA chromebook;  22;2021-06-04;     3.87 E
  3;    1;CHRONO PROJETS INFRASTRUCTURE;CHR41NP1CI;CISCO 1000 BASE SX SFP TRANSCEIVER MODULE;  64;2020-08-11;     3.68 E
  3;    1;TELINTRANS;TLT11NF1J9;Portable LENOVO T14 i5-10210U 256SSD 16GB;  23;2021-05-27;     3.64 E
  2;    2;CHRONO FIL DE L'EAU;CHR26RF1G7;ECRAN 24'' MULTI-MARQUE;   6;2021-09-23;     3.45 E
  2;    3;CHRONO FIL DE L'EAU;UC;UC GENERIQUE;   4;2021-10-11;     3.45 E
  3;    2;CHRONO PROJETS INFRASTRUCTURE;CHR74NP1FU;JARRETIERE OPTIQUE SC/SC 50/125 DUPLEX MULITMODE OM3 2m;  29;2021-04-13;     3.40 E
  2;    3;CHRONO FIL DE L'EAU;CHR11RF1D7;LENOVO PORTABLE T460 RECYCLE;   7;2021-09-16;     3.32 E
  2;    4;CHRONO FIL DE L'EAU;CHR11RF1J9;Portable LENOVO T14 i5-10210U 256SSD 16GB;   5;2021-10-03;     3.17 E
  2;    3;COLI FIL DE L'EAU;CLP32NF1HK;KYOCERA P3145DN IMPRIMANTE LASER N&B;   2;2021-10-24;     3.11 E
  3;    3;COLI FIL DE L'EAU;CLP63NF1HF;LECTEUR CAB filaire 2 D Honeywell Graphite 1910I;  20;2021-06-16;     2.59 E
  2;    2;CHRONO FIL DE L'EAU;CHR11RF1HD;PORTABLE HP Elitebook 840 G6 - i5 - 256Gb SSD - 16GB;   6;2021-09-22;     1.90 E
  2;    2;CHRONO FIL DE L'EAU;CHR11RF1DE;PORTABLE DELL LATITUDE CHR E7470 14";   5;2021-09-30;     1.58 E
  2;    1;CHRONO FIL DE L'EAU;CHR11RF1FM;PORTABLE HP Elitebook 840 G4 - i7 - 512GoSSD - 16GB RECYCLE;   7;2021-09-20;     1.11 E
  2;    1;TELINTRANS;TLT11RF1FC;PORTABLE HP ELITEBOOK 840 G4 i5-256GB-8 GB RECYCLE;   7;2021-09-20;     1.11 E
  2;    1;TELINTRANS;TLT11RF1G2;LENOVO PORTABLE T480 i5 16Gb - 256SSD;   7;2021-09-20;     1.11 E
  2;    2;CHRONO FIL DE L'EAU;CHR11RF1HH;PORTABLE LENOVO T490 CORE I5 256SSD 16GB;   3;2021-10-18;     0.95 E
  3;    1;CHRONO PROJETS INFRASTRUCTURE;CHR73NP1JU;Lot de 10 Cordons Surmoules droit rouge RJ45 FTP CAT.6 100 OHMS 250 Mhz 2M;  15;2021-07-20;     0.88 E
  2;    1;CHRONO FIL DE L'EAU;CHR11RF1JP;Portable HP Elitebook Recyclé 840 G8 - 14" - Core Is5 1135G7 - 16Go RAM 512  GO SSD;   3;2021-10-14;     0.86 E
  2;    3;CHRONO FIL DE L'EAU;DIVERS;DIVERS GENERIQUE;   5;2021-10-04;     0.65 E
  2;    1;CHRONO FIL DE L'EAU;CHR11RF1FC;PORTABLE HP ELITEBOOK 840 G4 i5- 256GB- 8 GB RECYCLE;   3;2021-10-14;     0.47 E
  2;    3;COLI FIL DE L'EAU;CLP63NF1BL;E44260-LECT. CAB 2D  Granit 1911i + Base;   8;2021-09-07;     0.35 E
  2;    1;CHRONO FIL DE L'EAU;CHR23NF1EU;ECRAN 19'' HP E190i;   2;2021-10-22;     0.32 E
  2;    1;CHRONO FIL DE L'EAU;CHR73NF1CT;Câble USB vers ethernet Chromebook;   1;2021-10-26;     0.06 E
  1;    1;CHRONO FIL DE L'EAU;CHR47RF1DC;CARTE WIFI pour UC DELL 3040 - INTEL DUAL BAND WIRELESS-AC 72 60;   0;2021-11-03;     0.00 E
  1;    1;COLI FIL DE L'EAU;ECRAN;ECRAN GENERIQUE;   0;2021-11-02;     0.00 E
  1;    4;COLI SHIPPING;IMPRIMANTE;IMPRIMANTE GENERIQUE;   0;2021-11-04;     0.00 E
