Qte;Donnee;Valeur;DateMvt;DateSurv;Reference;Designation;NumSerie;Stock;Transport;Societe;TagIS;Motif
1;Dossier;2110281024;N/A;2021-11-04;;;;;;;;GMS MAGNETIK Commande de matériel hors catalogue
1;Dossier;2111040455;N/A;2021-11-04;;;;;;;;FCA Switch Marseille Nord
1;Dossier;2111040476;N/A;2021-11-04;;;;;;;;FCA CHRONOCITY PARIS LECOURBE Déstockage accessoire - Lecourbe
1;Dossier;2111030476;N/A;2021-11-03;;;;;;;;imprimante C11 Marseille Nord       
1;Livraison;ES021100003;N/A;2021-10-26;;;;;;;;20 multiprises FDE BDCCHR2021000293 - DYADEM     
1;Livraison;ES021100004;N/A;2021-10-26;;;;;;;;30 cordons alim 5M FDE BDCCHR2021000292 - EMMETTCOMPAGNIE   
1;Dossier;2110010219;N/A;2021-10-12;;;;;;;;PCT Remplacement PC portable Alturing pour STEPHANE VIDAL
1;Dossier;2110010239;N/A;2021-10-12;;;;;;;;PCT Remplacement PC portable Alturing pour LIONEL NKANGA
1;Dossier;2110070637;N/A;2021-10-12;;;;;;;;FCA Déstockage PC Linux - Extension de Strasbourg
1;Dossier;2110110447;N/A;2021-10-12;;;;;;;;LFS TOULOUSE CHAPITRE Urgent - Déstockage borne WIFI
1;Livraison;ES021080003;N/A;2021-10-05;;;;;;;;7 serveurs DELL PROJETS HUB 00003444 - DELLSAS   
1;Livraison;ES021100001;N/A;2021-10-05;;;;;;;;6 imp Lexmark Coli 1003202201 - SCC    
1;Dossier;2109210937;N/A;2021-09-22;;;;;;;;LFS Toulouse Chapitre - Destockage et production des imprimantes C11
1;Dossier;2109200461;N/A;2021-09-20;;;;;;;;TSI Dossier chapeau Argenteuil _ Déstockage sur palette des équipements relatif à l'agence d'Argenteuil _ Projet Agence Argenteuil
1;Dossier;2109200768;N/A;2021-09-20;;;;;;;;LFS TOULOUSE CHAPITRE - Expédition groupée des équipements
1;Livraison;IS021070005;N/A;2021-08-03;;;;;;;;lots de 10 cables bleus 2m 00003412 - DYADEM  
1;Livraison;IS021080000;N/A;2021-08-03;;;;;;;;100 jarretieres optiques 00003412 - DYADEM     
1;Livraison;ES021040004;N/A;2021-04-14;;;;;;;;690 UC projets 00109829 - LENOVOSAS     
1;Livraison;ES020090002;N/A;2021-02-22;;;;;;;;46 écrans COLI        
1;Livraison;ES020040001;N/A;2021-01-15;;;;;;;;00002976 - CEMI 50 CHR63NP1HX LECTEUR CAB XENON 1952G USB 
1;Livraison;ES020090016;N/A;2020-09-24;;;;;;;;Bundle LYM
1;Dossier;2111030477;2021-11-04;2021-11-03;CHR10RF1GH;UC HP PRODESK 600 G4 i5 16GB 256SSD PC FREEDOS;CZC85184LF;CHRONOPOST FIL DE L'EAU;XP415739955FR  XP415739964FR;CHRONOPOST MARSEILLE NORD;TE2110040029;GMS MARSEILLE NORD Demande de poste PMC LINUX
1;Dossier;2111030477;2021-11-04;2021-11-03;CHR25RF1GY;ECRAN 22'' MULTIMARQUE;HZ221DPBREA91;CHRONOPOST FIL DE L'EAU;XP415739955FR  XP415739964FR;CHRONOPOST MARSEILLE NORD;TE2109240007;GMS MARSEILLE NORD Demande de poste PMC LINUX
1;Dossier;2111030477;2021-11-04;2021-11-03;CHR58NF1ET;BARRE DE SON HP LCD;;CHRONOPOST FIL DE L'EAU;XP415739955FR  XP415739964FR;CHRONOPOST MARSEILLE NORD;TE1709050786;GMS MARSEILLE NORD Demande de poste PMC LINUX
1;Dossier;2111030477;2021-11-04;2021-11-03;CHR70NF0O7;RALLONGE USB2 A-A MALE-FEMELLE 5M;;CHRONOPOST FIL DE L'EAU;XP415739955FR  XP415739964FR;CHRONOPOST MARSEILLE NORD;TE1906280025;GMS MARSEILLE NORD Demande de poste PMC LINUX
1;Dossier;2111030477;2021-11-04;2021-11-03;CHR76NF1HG;Câble DisplayPort mâle/mâle 3M;;CHRONOPOST FIL DE L'EAU;XP415739955FR  XP415739964FR;CHRONOPOST MARSEILLE NORD;TE1912060563;GMS MARSEILLE NORD Demande de poste PMC LINUX
1;Dossier;2111030477;2021-11-04;2021-11-03;CHR77NF06D;CABLE ALIMENTATION SECTEUR NOIR DE 5M;;CHRONOPOST FIL DE L'EAU;XP415739955FR  XP415739964FR;CHRONOPOST MARSEILLE NORD;TE2107270075;GMS MARSEILLE NORD Demande de poste PMC LINUX
1;Dossier;2111030477;2021-11-04;2021-11-03;CHR92NF012;BLOC MULTIPRISES 6 PRISES + IN CABLE 1,5 METRES;;CHRONOPOST FIL DE L'EAU;XP415739955FR  XP415739964FR;CHRONOPOST MARSEILLE NORD;TE2107090059;GMS MARSEILLE NORD Demande de poste PMC LINUX
1;Dossier;2111020242;2021-11-04;2021-11-02;CHR10RF1ER;UC HP PRODESK 600 G3 SMALL FORM FACTOR PC WIN 10 + CARTE WIFI RECYCLE;CZC7318Z0L;CHRONOPOST FIL DE L'EAU;XP415384501FR;CHRONOPOST DAX ;TE2104200032;DAX Unité centrale seule d'un poste PMC
1;Dossier;2110250201;2021-11-03;2021-11-02;CHR77NP06D;CABLE ALIMENTATION SECTEUR NOIR DE 5M;;CHRONOPOST PROJETS INFRASTRUCTURE;XP414008654FR;CHRONOCITY PARIS LECOURBE;TE1901040594;FCA CHRONOCITY PARIS LECOURBE Production et déstockage d'un serveur pour ChronoCity Lecourbe
1;Dossier;2111020692;2021-11-03;2021-11-02;CHR61NF1JH;SCANNER DE DOCUMENTS PANASONIC KV S1058Y U;H3218VH1315;CHRONOPOST FIL DE L'EAU;XP414155799FR;TAE LOGISTIQUE;TE2109150456;BORDEAUX MERIGNAC Nouveau scanner (numérisation C11) petit volume pour Deloc
2;Dossier;2110150577;2021-11-03;2021-10-26;CHR10RP1ER;UC HP PRODESK 600 G3 SMALL FORM FACTOR PC WIN 10 + CARTE WIFI RECYCLE;CZC7388NK2;CHRONOPOST PROJETS INFRASTRUCTURE;XP414160649FR;CHRONOPOST ANNECY;TE2104280019;FRR ANNECY Demande d'un nouveau PMC TRIG pour Deloc'
2;Dossier;2110150577;2021-11-03;2021-10-26;CHR25NP1ES;ECRAN 22'' HP;CNC8420X4C;CHRONOPOST PROJETS INFRASTRUCTURE;XP414160649FR;CHRONOPOST ANNECY;TE1902220226;FRR ANNECY Demande d'un nouveau PMC TRIG pour Deloc'
2;Dossier;2110150577;2021-11-03;2021-10-26;CHR58NP1ET;BARRE DE SON HP LCD;;CHRONOPOST PROJETS INFRASTRUCTURE;XP414160649FR;CHRONOPOST ANNECY;TE1710030362;FRR ANNECY Demande d'un nouveau PMC TRIG pour Deloc'
2;Dossier;2110150577;2021-11-03;2021-10-26;CHR70NP0O7;RALLONGE USB2 A-A MALE-FEMELLE 5M;;CHRONOPOST PROJETS INFRASTRUCTURE;XP414160649FR;CHRONOPOST ANNECY;TE1807300465;FRR ANNECY Demande d'un nouveau PMC TRIG pour Deloc'
2;Dossier;2110150577;2021-11-03;2021-10-26;CHR76NP1HG;Câble DisplayPort mâle/mâle 3M;;CHRONOPOST PROJETS INFRASTRUCTURE;XP414160649FR;CHRONOPOST ANNECY;TE1912060716;FRR ANNECY Demande d'un nouveau PMC TRIG pour Deloc'
2;Dossier;2110150577;2021-11-03;2021-10-26;CHR77NP06D;CABLE ALIMENTATION SECTEUR NOIR DE 5M;;CHRONOPOST PROJETS INFRASTRUCTURE;XP414160649FR;CHRONOPOST ANNECY;TE1901040593;FRR ANNECY Demande d'un nouveau PMC TRIG pour Deloc'
2;Dossier;2110150577;2021-11-03;2021-10-26;CHR92NP012;BLOC MULTIPRISES 6 PRISES + IN CABLE 1,5 METRES;;CHRONOPOST PROJETS INFRASTRUCTURE;XP414160649FR;CHRONOPOST ANNECY;TE2106300377;FRR ANNECY Demande d'un nouveau PMC TRIG pour Deloc'
1;Dossier;2110281023;2021-11-02;2021-10-28;CHR41RF1E4;Borne Wifi CISCO ref AP1852E;KWC210300C3;CHRONOPOST INCIDENT;XP413075122FR;CHRONOPOST MAGNETIK - FRAIS COMMUNS PARIS;TE2106030030;GMS MAGNETIK Commande de matériel hors catalogue
2;Dossier;2110180371;2021-11-02;2021-10-26;CHR10RF1DS;UC LENOVO M700 I5 6400 PROCESSOR;S4AT5373;CHRONOPOST FIL DE L'EAU;XP413173734FR  XP413173765FR  XP413173779FR  XP413173782FR;AGENCE CHRONOPOST CHILLY MAZARIN;TE2110250010;HUB LONGJUMEAU Longjumeau - Déstockage PC Bureautique
2;Dossier;2110180371;2021-11-02;2021-10-26;CHR25NF1JK;ECRAN LENOVO 22'' ref T22i-20;SV9081MR7;CHRONOPOST FIL DE L'EAU;XP413173734FR  XP413173765FR  XP413173779FR  XP413173782FR;AGENCE CHRONOPOST CHILLY MAZARIN;TE2109090052;HUB LONGJUMEAU Longjumeau - Déstockage PC Bureautique
12;Dossier;2110260185;2021-11-02;2021-10-26;CHR10RP1ER;UC HP PRODESK 600 G3 SMALL FORM FACTOR PC WIN 10 + CARTE WIFI RECYCLE;CZC7317N1K;CHRONOPOST PROJETS INFRASTRUCTURE;;CEMI ;TE2105050007;PMI CEMI MED - destockage d'équipements avec prestation de livraison Expé 6
12;Dossier;2110260185;2021-11-02;2021-10-26;CHR25NP1K0;Acer V227Qbmipx 21,5'' (55cm) 16:9;MMTCBEE00910828E4F4215;CHRONOPOST PROJETS INFRASTRUCTURE;;CEMI ;TE2108090267;PMI CEMI MED - destockage d'équipements avec prestation de livraison Expé 6
12;Dossier;2110260185;2021-11-02;2021-10-26;CHR32NP1G3;IMP LEXMARK MS826DE;S406412801LW4H;CHRONOPOST PROJETS INFRASTRUCTURE;;CEMI ;TE2110190084;PMI CEMI MED - destockage d'équipements avec prestation de livraison Expé 6
16;Dossier;2110260185;2021-11-02;2021-10-26;CHR34NP1JY;PC43D LCD USB/ETHERNET ( ZPL RESEAU) carte montée;159C2120013;CHRONOPOST PROJETS INFRASTRUCTURE;;CEMI ;TE2108260079;PMI CEMI MED - destockage d'équipements avec prestation de livraison Expé 6
12;Dossier;2110260185;2021-11-02;2021-10-26;CHR39NP1G6;MS826DE BAC SUPPLEMENTAIRE;;CHRONOPOST PROJETS INFRASTRUCTURE;;CEMI ;TE2110190209;PMI CEMI MED - destockage d'équipements avec prestation de livraison Expé 6
12;Dossier;2110260185;2021-11-02;2021-10-26;CHR47NP1GU;BORNE WIFI Aruba AP-345 (RW) Unified AP;CNK5K513XW;CHRONOPOST PROJETS INFRASTRUCTURE;;CEMI ;TE2103180179;PMI CEMI MED - destockage d'équipements avec prestation de livraison Expé 6
12;Dossier;2110260185;2021-11-02;2021-10-26;CHR47NP1HS;KIT DE MONTAGE ARUBA pour AP Indoor;;CHRONOPOST PROJETS INFRASTRUCTURE;;CEMI ;TE2108030069;PMI CEMI MED - destockage d'équipements avec prestation de livraison Expé 6
12;Dossier;2110260185;2021-11-02;2021-10-26;CHR58NP1ET;BARRE DE SON HP LCD;;CHRONOPOST PROJETS INFRASTRUCTURE;;CEMI ;TE1710030350;PMI CEMI MED - destockage d'équipements avec prestation de livraison Expé 6
12;Dossier;2110260185;2021-11-02;2021-10-26;CHR70NP0O7;RALLONGE USB2 A-A MALE-FEMELLE 5M;;CHRONOPOST PROJETS INFRASTRUCTURE;;CEMI ;TE1807300453;PMI CEMI MED - destockage d'équipements avec prestation de livraison Expé 6
150;Dossier;2110260185;2021-11-02;2021-10-26;CHR73NP0OA;CORDON SURMOULE RJ45 FTP CAT.6 DROIT 100 OHMS DE 5M;;CHRONOPOST PROJETS INFRASTRUCTURE;;CEMI ;TE1901170244;PMI CEMI MED - destockage d'équipements avec prestation de livraison Expé 6
12;Dossier;2110260185;2021-11-02;2021-10-26;CHR73NP1B1;CORDON SURMOULE DROIT VIOLET RJ45 FTP CAT.6 -100 OHMS 250 Mhz 2M;;CHRONOPOST PROJETS INFRASTRUCTURE;;CEMI ;TE2107160248;PMI CEMI MED - destockage d'équipements avec prestation de livraison Expé 6
15;Dossier;2110260185;2021-11-02;2021-10-26;CHR73NP1JG;Lot de 10 Cordons Surmoules droit bleu RJ45 FTP CAT.6 2M;;CHRONOPOST PROJETS INFRASTRUCTURE;;CEMI ;TE2107220034;PMI CEMI MED - destockage d'équipements avec prestation de livraison Expé 6
12;Dossier;2110260185;2021-11-02;2021-10-26;CHR76NP1HG;Câble DisplayPort mâle/mâle 3M;;CHRONOPOST PROJETS INFRASTRUCTURE;;CEMI ;TE1912060703;PMI CEMI MED - destockage d'équipements avec prestation de livraison Expé 6
12;Dossier;2110260185;2021-11-02;2021-10-26;CHR77NP06D;CABLE ALIMENTATION SECTEUR NOIR DE 5M;;CHRONOPOST PROJETS INFRASTRUCTURE;;CEMI ;TE1901040581;PMI CEMI MED - destockage d'équipements avec prestation de livraison Expé 6
12;Dossier;2110260185;2021-11-02;2021-10-26;CHR92NP012;BLOC MULTIPRISES 6 PRISES + IN CABLE 1,5 METRES;;CHRONOPOST PROJETS INFRASTRUCTURE;;CEMI ;TE2106300365;PMI CEMI MED - destockage d'équipements avec prestation de livraison Expé 6
2;Dossier;2110220722;2021-10-29;2021-10-25;CHR10RP1ER;UC HP PRODESK 600 G3 SMALL FORM FACTOR PC WIN 10 + CARTE WIFI RECYCLE;CZC7318Z1N;CHRONOPOST PROJETS INFRASTRUCTURE;XP410507481FR  XP410507495FR;CHRONOPOST HUB AULNAY HNI (NORD IDF);TE2104270293;LFS HUB AULNAY HNI (NORD IDF) PC Bureautique pour HNI
200;Livraison;ES021090000;2021-10-29;2021-09-03;CLP34NS1AH;IMPRIMANTE DATAMAX E-4204 MARK III;;COLIPOSTE SHIPPING;BL2110230;1003164410 - HUB ONE;TE2110290021;1003164410 - HUB ONE 230 imprimantes PV Coli   
20;Dossier;2110270935;2021-10-28;2021-10-28;CHR73NP0H5;CORDON SURMOULE BLEU RJ45  FTP CAT6E 4P 100 OHMS DE 1M;;CHRONOPOST PROJETS INFRASTRUCTURE;XP409290133FR;CHRONOPOST VENISSIEUX;TE1507060456;LFS VENISSIEUX Urgent - Déstockage cable RJ - Vénissieux
1;Dossier;2110220717;2021-10-28;2021-10-25;CHR10RF1GH;UC HP PRODESK 600 G4 i5 16GB 256SSD PC FREEDOS;CZC85184L6;CHRONOPOST FIL DE L'EAU;XP409544270FR  XP409544283FR;CHRONOPOST TROYES;TE2109200105;TROYES Demande de poste PMC LINUX
1;Dossier;2110220717;2021-10-28;2021-10-25;CHR25NF1JK;ECRAN LENOVO 22'' ref T22i-20;SV9081M5T;CHRONOPOST FIL DE L'EAU;XP409544270FR  XP409544283FR;CHRONOPOST TROYES;TE2109090221;TROYES Demande de poste PMC LINUX
1;Dossier;2110220717;2021-10-28;2021-10-25;CHR58NF1ET;BARRE DE SON HP LCD;;CHRONOPOST FIL DE L'EAU;XP409544270FR  XP409544283FR;CHRONOPOST TROYES;TE1709050782;TROYES Demande de poste PMC LINUX
1;Dossier;2110220717;2021-10-28;2021-10-25;CHR70NF0O7;RALLONGE USB2 A-A MALE-FEMELLE 5M;;CHRONOPOST FIL DE L'EAU;XP409544270FR  XP409544283FR;CHRONOPOST TROYES;TE1906170358;TROYES Demande de poste PMC LINUX
1;Dossier;2110220717;2021-10-28;2021-10-25;CHR76NF1HG;Câble DisplayPort mâle/mâle 3M;;CHRONOPOST FIL DE L'EAU;XP409544270FR  XP409544283FR;CHRONOPOST TROYES;TE1912060553;TROYES Demande de poste PMC LINUX
1;Dossier;2110220717;2021-10-28;2021-10-25;CHR77NF06D;CABLE ALIMENTATION SECTEUR NOIR DE 5M;;CHRONOPOST FIL DE L'EAU;XP409544270FR  XP409544283FR;CHRONOPOST TROYES;TE2104080105;TROYES Demande de poste PMC LINUX
1;Dossier;2110220717;2021-10-28;2021-10-25;CHR92NF012;BLOC MULTIPRISES 6 PRISES + IN CABLE 1,5 METRES;;CHRONOPOST FIL DE L'EAU;XP409544270FR  XP409544283FR;CHRONOPOST TROYES;TE2107090055;TROYES Demande de poste PMC LINUX
1;Dossier;2110200962;2021-10-28;2021-10-22;CHR10RF1F4;UC HP PRODESK 600 G3 SMALL FORM FACTOR PC FREEDOS  + CARTE WIFI RECYCLE;CZC7317QMD;CHRONOPOST FIL DE L'EAU;XP409584044FR  XP409584061FR;CHRONOPOST POITIERS;TE2107070058;SPE HUB POITIERS (CRITIQUE) Déstockage PMC Linux - Poitiers
1;Dossier;2110200962;2021-10-28;2021-10-22;CHR25NF1JK;ECRAN LENOVO 22'' ref T22i-20;SV9081M65;CHRONOPOST FIL DE L'EAU;XP409584044FR  XP409584061FR;CHRONOPOST POITIERS;TE2109090197;SPE HUB POITIERS (CRITIQUE) Déstockage PMC Linux - Poitiers
20;Dossier;2110260800;2021-10-27;2021-10-26;CHR74NP1FV;JARRETIERE OPTIQUE LC/SC 50/125 MULITMODE 2m OM4;;CHRONOPOST PROJETS INFRASTRUCTURE;XP407984384FR;CHRONOPOST HUB SALON DE PROVENCE;TE2008280123;LFS HUB SALON DE PROVENCE Urgent - Déstockage Jarretière - Salon de Provence
20;Dossier;2110260812;2021-10-27;2021-10-26;CHR74NP1FV;JARRETIERE OPTIQUE LC/SC 50/125 MULITMODE 2m OM4;;CHRONOPOST PROJETS INFRASTRUCTURE;XP407983389FR;CHRONOPOST VENISSIEUX;TE2008280143;LFS VENISSIEUX Urgent - Déstockage Jarretière - Vénissieux
1;Dossier;2110220785;2021-10-27;2021-10-25;CHR32RF1A2;IMP LEXMARK MS812DE RECYCLE;40637D66040KG;CHRONOPOST FIL DE L'EAU;XP408353804FR;LAGOUHAT EXPRESS 500;TE2104270170;TOULOUSE swap imprimante Deloc
1;Dossier;2110220785;2021-10-27;2021-10-25;CHR73NF0OA;CORDON SURMOULE RJ45 FTP CAT.6 DROIT 100 OHMS DE 5M;;CHRONOPOST FIL DE L'EAU;XP408353804FR;LAGOUHAT EXPRESS 500;TE2011030043;TOULOUSE swap imprimante Deloc
56;Dossier;2110110803;2021-10-27;2021-10-12;CHR10RF1ER;UC HP PRODESK 600 G3 SMALL FORM FACTOR PC WIN 10 + CARTE WIFI RECYCLE;CZC7317MXV;CHRONOPOST FIL DE L'EAU;XP401686419FR;CHRONOPOST HUB CORBAS;TE2104160103;LFS VENISSIEUX Vénissuex - déstockage PMC LINUX
1;Dossier;2110210394;2021-10-26;2021-10-22;CHR10RF1GH;UC HP PRODESK 600 G4 i5 16GB 256SSD PC FREEDOS;CZC851849H;CHRONOPOST FIL DE L'EAU;XP406531201FR  XP406531215FR;CHRONOPOST VERSAILLES COIGNIERES ;TE2109170004;VERSAILLES COIGNIERES Demande de poste RDI LINUX
1;Dossier;2110210394;2021-10-26;2021-10-22;CHR25NF1JK;ECRAN LENOVO 22'' ref T22i-20;SV9081M64;CHRONOPOST FIL DE L'EAU;XP406531201FR  XP406531215FR;CHRONOPOST VERSAILLES COIGNIERES ;TE2109090227;VERSAILLES COIGNIERES Demande de poste RDI LINUX
1;Dossier;2110210394;2021-10-26;2021-10-22;CHR58NF1ET;BARRE DE SON HP LCD;;CHRONOPOST FIL DE L'EAU;XP406531201FR  XP406531215FR;CHRONOPOST VERSAILLES COIGNIERES ;TE1709050780;VERSAILLES COIGNIERES Demande de poste RDI LINUX
1;Dossier;2110210394;2021-10-26;2021-10-22;CHR70NF0O7;RALLONGE USB2 A-A MALE-FEMELLE 5M;;CHRONOPOST FIL DE L'EAU;XP406531201FR  XP406531215FR;CHRONOPOST VERSAILLES COIGNIERES ;TE1906170355;VERSAILLES COIGNIERES Demande de poste RDI LINUX
1;Dossier;2110210394;2021-10-26;2021-10-22;CHR76NF1HG;Câble DisplayPort mâle/mâle 3M;;CHRONOPOST FIL DE L'EAU;XP406531201FR  XP406531215FR;CHRONOPOST VERSAILLES COIGNIERES ;TE1912060552;VERSAILLES COIGNIERES Demande de poste RDI LINUX
1;Dossier;2110210394;2021-10-26;2021-10-22;CHR77NF06D;CABLE ALIMENTATION SECTEUR NOIR DE 5M;;CHRONOPOST FIL DE L'EAU;XP406531201FR  XP406531215FR;CHRONOPOST VERSAILLES COIGNIERES ;TE2104080102;VERSAILLES COIGNIERES Demande de poste RDI LINUX
1;Dossier;2110210394;2021-10-26;2021-10-22;CHR92NF012;BLOC MULTIPRISES 6 PRISES + IN CABLE 1,5 METRES;;CHRONOPOST FIL DE L'EAU;XP406531201FR  XP406531215FR;CHRONOPOST VERSAILLES COIGNIERES ;TE2107090053;VERSAILLES COIGNIERES Demande de poste RDI LINUX
1;Dossier;2110190802;2021-10-26;2021-10-20;CHR61NF1JH;SCANNER DE DOCUMENTS PANASONIC KV S1058Y U;H3218VH1261;CHRONOPOST FIL DE L'EAU;XP407089405FR;CHRONOPOST HUB MARSEILLE ;TE2109150458;HUB MARSEILLE Nouveau scanner (numérisation C11) petit volume pour Deloc
1;Dossier;2110180522;2021-10-25;2021-10-20;CHR10RFSTT;UC CHR DELOC RECYCLE;CZC7317QM7;CHRONOPOST FIL DE L'EAU;XP405499178FR  XP405499181FR  XP405499218FR;CHRONOPOST CLERMONT FERRAND;TE2009100071;PMI CLERMONT-FERRAND TFC 2021 - Destockage du poste Deloc Linux CFE03
1;Dossier;2110180522;2021-10-25;2021-10-20;CHR25NF1JK;ECRAN LENOVO 22'' ref T22i-20;SV9081M6H;CHRONOPOST FIL DE L'EAU;XP405499178FR  XP405499181FR  XP405499218FR;CHRONOPOST CLERMONT FERRAND;TE2109090198;PMI CLERMONT-FERRAND TFC 2021 - Destockage du poste Deloc Linux CFE03
1;Dossier;2110180522;2021-10-25;2021-10-20;CHR32RF1A2;IMP LEXMARK MS812DE RECYCLE;40638D66025P2;CHRONOPOST FIL DE L'EAU;XP405499178FR  XP405499181FR  XP405499218FR;CHRONOPOST CLERMONT FERRAND;TE2104210103;PMI CLERMONT-FERRAND TFC 2021 - Destockage du poste Deloc Linux CFE03
1;Dossier;2110180522;2021-10-25;2021-10-20;CHR70NF0FP;CORDON USB TYPE A/B 1,8M;;CHRONOPOST FIL DE L'EAU;XP405499178FR  XP405499181FR  XP405499218FR;CHRONOPOST CLERMONT FERRAND;TE1907220011;PMI CLERMONT-FERRAND TFC 2021 - Destockage du poste Deloc Linux CFE03
24;Dossier;2110110493;2021-10-25;2021-10-18;CHR10NF1HW;UC HP PRODESK 600 G5 i5 16GB 256SSD W10;CZC0157VPJ;CHRONOPOST FIL DE L'EAU;XP405837556FR  XP405837644FR  XP405837600FR  XP405837635FR  XP405837661FR  XP405837967FR  XP405837984FR  XP405838018FR  XP405838021FR  XP405837777FR  XP405837785FR  XP405837803FR  XP405837817FR  XP405837834FR  XP405837851FR  XP405837879FR  XP405837896FR  XP405837919FR  XP405837953FR  XP405837692FR  XP405837729FR  XP405837746FR  XP405837750FR  XP405838052FR;CHRONOPOST HUB CORBAS;TE2004100038;LFS VENISSIEUX Vénissuex - Déstockage PC Bureautique
24;Dossier;2110110493;2021-10-25;2021-10-18;CHR25NF1JK;ECRAN LENOVO 22'' ref T22i-20;SV9081LNN;CHRONOPOST FIL DE L'EAU;XP405837556FR  XP405837644FR  XP405837600FR  XP405837635FR  XP405837661FR  XP405837967FR  XP405837984FR  XP405838018FR  XP405838021FR  XP405837777FR  XP405837785FR  XP405837803FR  XP405837817FR  XP405837834FR  XP405837851FR  XP405837879FR  XP405837896FR  XP405837919FR  XP405837953FR  XP405837692FR  XP405837729FR  XP405837746FR  XP405837750FR  XP405838052FR;CHRONOPOST HUB CORBAS;TE2109090109;LFS VENISSIEUX Vénissuex - Déstockage PC Bureautique
12;Dossier;2110110844;2021-10-25;2021-10-18;CHR32NF1G3;IMP LEXMARK MS826DE;S406410401KLCL;CHRONOPOST FIL DE L'EAU;XP405650159FR  XP405650318FR  XP405650321FR  XP405650349FR  XP405650366FR  XP405650397FR  XP405650410FR  XP405650437FR  XP405650445FR  XP405650471FR  XP405650485FR  XP405650511FR  XP405650539FR  XP405650542FR  XP405650556FR  XP405650573FR  XP405650176FR  XP405650180FR  XP405650202FR  XP405650220FR  XP405650278FR  XP405650281FR  XP405650255FR  XP405650304FR;CHRONOPOST HUB CORBAS;TE2109130041;LFS VENISSIEUX Vénissieux - déstockage Imprimante C11
12;Dossier;2110110844;2021-10-25;2021-10-18;CHR39NF1G6;MS826DE BAC SUPPLEMENTAIRE;;CHRONOPOST FIL DE L'EAU;XP405650159FR  XP405650318FR  XP405650321FR  XP405650349FR  XP405650366FR  XP405650397FR  XP405650410FR  XP405650437FR  XP405650445FR  XP405650471FR  XP405650485FR  XP405650511FR  XP405650539FR  XP405650542FR  XP405650556FR  XP405650573FR  XP405650176FR  XP405650180FR  XP405650202FR  XP405650220FR  XP405650278FR  XP405650281FR  XP405650255FR  XP405650304FR;CHRONOPOST HUB CORBAS;TE2109130108;LFS VENISSIEUX Vénissieux - déstockage Imprimante C11
20;Dossier;2110110858;2021-10-25;2021-10-18;CHR34NP1JY;PC43D LCD USB/ETHERNET ( ZPL RESEAU) carte montée;159C2120003;CHRONOPOST PROJETS INFRASTRUCTURE;XP405496636FR  XP405496667FR  XP405496675FR  XP405496684FR  XP405496698FR  XP405496715FR  XP405496741FR  XP405496755FR  XP405496769FR  XP405496772FR  XP405496786FR  XP405496790FR  XP405496812FR  XP405496826FR  XP405496843FR  XP405496857FR  XP405496865FR  XP405496874FR  XP405496905FR  XP405496914FR;CHRONOPOST HUB CORBAS;TE2108260090;LFS VENISSIEUX Vénissieux - déstockage imprimante TAC
20;Dossier;2109220016;2021-10-25;2021-09-24;CHR34NP1JY;PC43D LCD USB/ETHERNET ( ZPL RESEAU) carte montée;163C2120075;CHRONOPOST PROJETS INFRASTRUCTURE;XP393548784FR  XP393548798FR  XP393548807FR  XP393548815FR  XP393548824FR  XP393548838FR  XP393548841FR  XP393548855FR  XP393548869FR  XP393548872FR  XP393548909FR  XP393548912FR  XP393548957FR  XP393548974FR  XP393549008FR  XP393549011FR  XP393549025FR  XP393549042FR  XP393549073FR  XP393549158FR  XP393549189FR  XP393549087FR  XP393549113FR  XP393549127FR  XP393549144FR;CHRONOPOST MARSEILLE NORD;TE2108260088;SPE Déstockages PC et imprimantes - Marseille Nord
5;Livraison;ES021090001;2021-10-25;2021-09-17;IMPRIMANTE;IMPRIMANTE GENERIQUE;;CHRONOPOST FIL DE L'EAU;671593567;00003452 - DELLSAS;TE2109030158;30 serveurs pour INFRA 00003452 - DELLSAS    
4;Dossier;2110210167;2021-10-22;2021-10-22;CHR74NP196;JARRETIERE OPTIQUE LC/SC 50/125 MULITMODE 2 METRES- OM3;;CHRONOPOST PROJETS INFRASTRUCTURE;XP403829852FR;CHRONOPOST TOULOUSE CHAPITRE;TE2008172387;LFS Déstockage accessoires - Toulouse Chapitre
1;Dossier;2110180453;2021-10-22;2021-10-20;CHR10RP1ER;UC HP PRODESK 600 G3 SMALL FORM FACTOR PC WIN 10 + CARTE WIFI RECYCLE;CZC8277DR8;CHRONOPOST PROJETS INFRASTRUCTURE;XP403952077FR  XP403952085FR;CHRONOPOST AMIENS;TE2105190127;PMI AMIENS AMI02 - demande de destockage d'un CHRTRIG
1;Dossier;2110180453;2021-10-22;2021-10-20;CHR27RP1K3;ECRAN HP 20''  ref HP LA2006x;3CQ0491X56;CHRONOPOST PROJETS INFRASTRUCTURE;XP403952077FR  XP403952085FR;CHRONOPOST AMIENS;TE2109030096;PMI AMIENS AMI02 - demande de destockage d'un CHRTRIG
1;Dossier;2110180453;2021-10-22;2021-10-20;CHR58NP1ET;BARRE DE SON HP LCD;;CHRONOPOST PROJETS INFRASTRUCTURE;XP403952077FR  XP403952085FR;CHRONOPOST AMIENS;TE1710030349;PMI AMIENS AMI02 - demande de destockage d'un CHRTRIG
1;Dossier;2110180453;2021-10-22;2021-10-20;CHR76NP1HG;Câble DisplayPort mâle/mâle 3M;;CHRONOPOST PROJETS INFRASTRUCTURE;XP403952077FR  XP403952085FR;CHRONOPOST AMIENS;TE1912060702;PMI AMIENS AMI02 - demande de destockage d'un CHRTRIG
2;Dossier;2110180584;2021-10-20;2021-10-20;CHR10NF1HW;UC HP PRODESK 600 G5 i5 16GB 256SSD W10;CZC013BS3P;CHRONOPOST FIL DE L'EAU;XP401553704FR  XP401553718FR  XP401553721FR  XP401553749FR; AGENCE CHRONOPOST   CHILLY MAZARIN;TE2107200201;LFS HUB LONGJUMEAU Longjumeau - Déstockage PC Bureautique
2;Dossier;2110180598;2021-10-20;2021-10-20;CHR10RP1ER;UC HP PRODESK 600 G3 SMALL FORM FACTOR PC WIN 10 + CARTE WIFI RECYCLE;CZC7318YT1;CHRONOPOST PROJETS INFRASTRUCTURE;XP401551898FR  XP401551907FR  XP401551915FR  XP401551924FR;AGENCE CHRONOPOST CHILLY MAZARIN  PAPIN;TE2107200195;LFS HUB LONGJUMEAU Longjumeau - Déstockage PC Linux
2;Dossier;2110180598;2021-10-20;2021-10-20;CHR27RP1K3;ECRAN HP 20''  ref HP LA2006x;3CQ0511W9F;CHRONOPOST PROJETS INFRASTRUCTURE;XP401551898FR  XP401551907FR  XP401551915FR  XP401551924FR;AGENCE CHRONOPOST CHILLY MAZARIN  PAPIN;TE2109020198;LFS HUB LONGJUMEAU Longjumeau - Déstockage PC Linux
2;Dossier;2110180598;2021-10-20;2021-10-20;CHR58NP1ET;BARRE DE SON HP LCD;;CHRONOPOST PROJETS INFRASTRUCTURE;XP401551898FR  XP401551907FR  XP401551915FR  XP401551924FR;AGENCE CHRONOPOST CHILLY MAZARIN  PAPIN;TE1710030347;LFS HUB LONGJUMEAU Longjumeau - Déstockage PC Linux
2;Dossier;2110180598;2021-10-20;2021-10-20;CHR70NP0O7;RALLONGE USB2 A-A MALE-FEMELLE 5M;;CHRONOPOST PROJETS INFRASTRUCTURE;XP401551898FR  XP401551907FR  XP401551915FR  XP401551924FR;AGENCE CHRONOPOST CHILLY MAZARIN  PAPIN;TE1807300451;LFS HUB LONGJUMEAU Longjumeau - Déstockage PC Linux
2;Dossier;2110180598;2021-10-20;2021-10-20;CHR76NP1HG;Câble DisplayPort mâle/mâle 3M;;CHRONOPOST PROJETS INFRASTRUCTURE;XP401551898FR  XP401551907FR  XP401551915FR  XP401551924FR;AGENCE CHRONOPOST CHILLY MAZARIN  PAPIN;TE1912060700;LFS HUB LONGJUMEAU Longjumeau - Déstockage PC Linux
2;Dossier;2110180598;2021-10-20;2021-10-20;CHR77NP06D;CABLE ALIMENTATION SECTEUR NOIR DE 5M;;CHRONOPOST PROJETS INFRASTRUCTURE;XP401551898FR  XP401551907FR  XP401551915FR  XP401551924FR;AGENCE CHRONOPOST CHILLY MAZARIN  PAPIN;TE1901040579;LFS HUB LONGJUMEAU Longjumeau - Déstockage PC Linux
2;Dossier;2110180598;2021-10-20;2021-10-20;CHR92NP012;BLOC MULTIPRISES 6 PRISES + IN CABLE 1,5 METRES;;CHRONOPOST PROJETS INFRASTRUCTURE;XP401551898FR  XP401551907FR  XP401551915FR  XP401551924FR;AGENCE CHRONOPOST CHILLY MAZARIN  PAPIN;TE2106300363;LFS HUB LONGJUMEAU Longjumeau - Déstockage PC Linux
2;Dossier;2110180631;2021-10-20;2021-10-20;CHR34NP18P;PC43D LCD USB/ETHERNET (ZPL RESEAU);006C2120001;CHRONOPOST PROJETS INFRASTRUCTURE;XP401549090FR  XP401549126FR;AGENCE CHRONOPOST CHILLY MAZARIN  PAPIN;TE2103010189;LFS HUB LONGJUMEAU Longjumeau - Déstockage IMP TAC
2;Dossier;2110180631;2021-10-20;2021-10-20;CHR41NP0BQ;MODULE ETHERNET POUR PC43;;CHRONOPOST PROJETS INFRASTRUCTURE;XP401549090FR  XP401549126FR;AGENCE CHRONOPOST CHILLY MAZARIN  PAPIN;TE2103010266;LFS HUB LONGJUMEAU Longjumeau - Déstockage IMP TAC
2;Dossier;2110180644;2021-10-20;2021-10-20;CHR32NP1G3;IMP LEXMARK MS826DE;S406412801LW74;CHRONOPOST PROJETS INFRASTRUCTURE;XP401547672FR  XP401547709FR  XP401547712FR  XP401547726FR;AGENCE CHRONOPOST CHILLY MAZARIN  PAPIN;TE2110190118;LFS HUB LONGJUMEAU Longjumeau: Destockage et production imprimantes C11
2;Dossier;2110180644;2021-10-20;2021-10-20;CHR39NP1G6;MS826DE BAC SUPPLEMENTAIRE;;CHRONOPOST PROJETS INFRASTRUCTURE;XP401547672FR  XP401547709FR  XP401547712FR  XP401547726FR;AGENCE CHRONOPOST CHILLY MAZARIN  PAPIN;TE2110190227;LFS HUB LONGJUMEAU Longjumeau: Destockage et production imprimantes C11
20;Dossier;2110150292;2021-10-20;2021-10-18;CHR74NP1FZ;JARRETIERE OPTIQUE LC/LC 50/125 MULITMODE 2m OM4;;CHRONOPOST PROJETS INFRASTRUCTURE;XP401244124FR;CHRONOPOST HUB CORBAS;TE2103240217;LFS VENISSIEUX Déstockage accessoires - Vénissieux
2;Dossier;2110180161;2021-10-20;2021-10-18;CLP10NF1J5;UC DELL OPTIPLEX CLP 3070 SFF;27RF013;COLIPOSTE FIL DE L'EAU;;INTEGRATION ET SERVICE POUR CHRONO RETRAIT CHEZ IS;TE2103010122;Préparation 2 postes maitres Linux ACP ROUEN OUEST
2;Dossier;2110180161;2021-10-20;2021-10-18;CLP73NF0OA;CORDON SURMOULE DROIT RJ45 FTP CAT.6  100 OHMS DE 5M;;COLIPOSTE FIL DE L'EAU;;INTEGRATION ET SERVICE POUR CHRONO RETRAIT CHEZ IS;TE1908062432;Préparation 2 postes maitres Linux ACP ROUEN OUEST
56;Dossier;2110110803;2021-10-20;2021-10-12;CHR27RP1K3;ECRAN HP 20''  ref HP LA2006x;3CQ0461WKD;CHRONOPOST PROJETS INFRASTRUCTURE;XP401686419FR;CHRONOPOST HUB CORBAS;TE2109030117;LFS VENISSIEUX Vénissuex - déstockage PMC LINUX
56;Dossier;2110110803;2021-10-20;2021-10-12;CHR58NP1ET;BARRE DE SON HP LCD;;CHRONOPOST PROJETS INFRASTRUCTURE;XP401686419FR;CHRONOPOST HUB CORBAS;TE1710030319;LFS VENISSIEUX Vénissuex - déstockage PMC LINUX
56;Dossier;2110110803;2021-10-20;2021-10-12;CHR70NP0O7;RALLONGE USB2 A-A MALE-FEMELLE 5M;;CHRONOPOST PROJETS INFRASTRUCTURE;XP401686419FR;CHRONOPOST HUB CORBAS;TE1807300423;LFS VENISSIEUX Vénissuex - déstockage PMC LINUX
56;Dossier;2110110803;2021-10-20;2021-10-12;CHR76NP1HG;Câble DisplayPort mâle/mâle 3M;;CHRONOPOST PROJETS INFRASTRUCTURE;XP401686419FR;CHRONOPOST HUB CORBAS;TE1912060671;LFS VENISSIEUX Vénissuex - déstockage PMC LINUX
56;Dossier;2110110803;2021-10-20;2021-10-12;CHR77NP06D;CABLE ALIMENTATION SECTEUR NOIR DE 5M;;CHRONOPOST PROJETS INFRASTRUCTURE;XP401686419FR;CHRONOPOST HUB CORBAS;TE1901040551;LFS VENISSIEUX Vénissuex - déstockage PMC LINUX
56;Dossier;2110110803;2021-10-20;2021-10-12;CHR92NP012;BLOC MULTIPRISES 6 PRISES + IN CABLE 1,5 METRES;;CHRONOPOST PROJETS INFRASTRUCTURE;XP401686419FR;CHRONOPOST HUB CORBAS;TE2106300335;LFS VENISSIEUX Vénissuex - déstockage PMC LINUX
1;Dossier;2109170534;2021-10-20;2021-09-21;CHR11RF1J9;Portable LENOVO T14 i5-10210U 256SSD 16GB;PF2GJ5NY;CHRONOPOST FIL DE L'EAU;XP401663801FR;CHRONOPOST MAGNETIK - FRAIS COMMUNS PARIS;TE2109200112;GMS MAGNETIK Reconfiguration SANS PERSONNALISATION d'un PC portable bureautique SANS ALIMENTATION
1;Dossier;2109170538;2021-10-20;2021-09-21;CHR11RF1J9;Portable LENOVO T14 i5-10210U 256SSD 16GB;PF2GJSNN;CHRONOPOST FIL DE L'EAU;XP401664152FR;CHRONOPOST MAGNETIK - FRAIS COMMUNS PARIS;TE2109200119;GMS MAGNETIK Reconfiguration SANS PERSONNALISATION d'un PC portable bureautique SANS ALIMENTATION
1;Dossier;2109170541;2021-10-20;2021-09-21;CHR11RF1HH;PORTABLE LENOVO T490 CORE I5 256SSD 16GB;PF12JHR6;CHRONOPOST FIL DE L'EAU;XP401662559FR;CHRONOPOST MAGNETIK - FRAIS COMMUNS PARIS;TE2109200121;GMS MAGNETIK Reconfiguration SANS PERSONNALISATION d'un PC portable bureautique SANS ALIMENTATION
16;Livraison;ES021090006;2021-10-20;2021-09-16;CLP32NF1HK;KYOCERA P3145DN IMPRIMANTE LASER N&B;R4J1809643;COLIPOSTE FIL DE L'EAU;7122667325;1003181926 - SCC;TE2110200001;20 implaser Coli 1003181926 - SCC     
1;Dossier;2110180657;2021-10-19;2021-10-18;CHR61NP1G4;SCANNER DE DOCUMENTS PANASONIC KV S5076H;G3009VP1125;CHRONOPOST PROJETS INFRASTRUCTURE;XP400027667FR;AGENCE CHRONOPOST CHILLY MAZARIN  PAPIN;TE2010010045;LFS HUB LONGJUMEAU Longjumeau - Destockage et production Scanner Panasonic
102;Livraison;ES021090011;2021-10-19;2021-09-30;CHR32NP1G3;IMP LEXMARK MS826DE;;CHRONOPOST PROJETS INFRASTRUCTURE;11183770;00003477 - LEXMARKINTERNATIONALSAS;TE2110190029;100 imprimantes C11 projets 00003477 - LEXMARKINTERNATIONALSAS    
100;Livraison;ES021090011;2021-10-19;2021-09-30;CHR39NP1G6;MS826DE BAC SUPPLEMENTAIRE;;CHRONOPOST PROJETS INFRASTRUCTURE;11183770;00003477 - LEXMARKINTERNATIONALSAS;TE2110190129;100 imprimantes C11 projets 00003477 - LEXMARKINTERNATIONALSAS    
1;Dossier;2109170533;2021-10-19;2021-09-21;CHR11RF1HH;PORTABLE LENOVO T490 CORE I5 256SSD 16GB;PF25XXTV;CHRONOPOST FIL DE L'EAU;XP400035178FR;CHRONOPOST MAGNETIK - FRAIS COMMUNS PARIS;TE2109200113;GMS MAGNETIK Reconfiguration SANS PERSONNALISATION d'un PC portable bureautique SANS ALIMENTATION
6;Dossier;2110110200;2021-10-18;2021-10-18;CHR10NF1HW;UC HP PRODESK 600 G5 i5 16GB 256SSD W10;CZC0157VPH;CHRONOPOST FIL DE L'EAU;XP398731827FR  XP398731844FR  XP398731858FR;CHRONOPOST HUB DE JONAGE;TE2004100122;FCA HUB DE JONAGE Demande de déstockage de 3 x Postes Bureautique non masterisé
6;Dossier;2110110200;2021-10-18;2021-10-18;CHR25NP1K0;Acer V227Qbmipx 21,5'' (55cm) 16:9;MMTCBEE00910828E854215;CHRONOPOST PROJETS INFRASTRUCTURE;XP398731827FR  XP398731844FR  XP398731858FR;CHRONOPOST HUB DE JONAGE;TE2108090293;FCA HUB DE JONAGE Demande de déstockage de 3 x Postes Bureautique non masterisé
6;Dossier;2110140441;2021-10-18;2021-10-18;CHR41NP1HR;1000BASE-T SFP transceiver module;;CHRONOPOST PROJETS HUB;XP398732685FR;ALTURING;TE2109070278;LFS Déstockage SFP supp pour Venissieux
6;Dossier;2110140441;2021-10-18;2021-10-18;CHR43NP1GN;10GBASE SR SFP MODULE;;CHRONOPOST PROJETS HUB;XP398732685FR;ALTURING;TE2109070185;LFS Déstockage SFP supp pour Venissieux
4;Dossier;2110140935;2021-10-18;2021-10-18;CHR41NP1CI;CISCO 1000 BASE SX SFP TRANSCEIVER MODULE;;CHRONOPOST PROJETS INFRASTRUCTURE;XP398731314FR;ALTURING ;TE2008110231;LFS Déstockage SFP supp pour Venissieux
1;Dossier;2110080314;2021-10-18;2021-10-12;CHR10RFSTT;UC CHR DELOC RECYCLE;CZC7317QNJ;CHRONOPOST FIL DE L'EAU;XP399226782FR  XP399226796FR  XP399226805FR;CHRONOPOST CLERMONT FERRAND;TE2009100074;PMI CLERMONT-FERRAND TFC 2021 - Destockage du poste Deloc Linux CFE02
1;Dossier;2110080314;2021-10-18;2021-10-12;CHR25NF1JK;ECRAN LENOVO 22'' ref T22i-20;SV9081M95;CHRONOPOST FIL DE L'EAU;XP399226782FR  XP399226796FR  XP399226805FR;CHRONOPOST CLERMONT FERRAND;TE2109090108;PMI CLERMONT-FERRAND TFC 2021 - Destockage du poste Deloc Linux CFE02
1;Dossier;2110080314;2021-10-18;2021-10-12;CHR32RF1A2;IMP LEXMARK MS812DE RECYCLE;S40636C6604XWN;CHRONOPOST FIL DE L'EAU;XP399226782FR  XP399226796FR  XP399226805FR;CHRONOPOST CLERMONT FERRAND;TE2104270192;PMI CLERMONT-FERRAND TFC 2021 - Destockage du poste Deloc Linux CFE02
1;Dossier;2110080314;2021-10-18;2021-10-12;CHR70NF0FP;CORDON USB TYPE A/B 1,8M;;CHRONOPOST FIL DE L'EAU;XP399226782FR  XP399226796FR  XP399226805FR;CHRONOPOST CLERMONT FERRAND;TE1907220047;PMI CLERMONT-FERRAND TFC 2021 - Destockage du poste Deloc Linux CFE02
4;Livraison;ES021070019;2021-10-15;2021-07-30;CLP32NF1I1;LEXMARK MS431DN A4 LASER N&B;S4601125106D1B;COLIPOSTE FIL DE L'EAU;7122636090;1003135722 - SCC;TE2110150072;4 Lexmark Coli        
9;Dossier;2110110837;2021-10-14;2021-10-12;CHR27RP1K3;ECRAN HP 20"  ref HP LA2006x;3CQ0491X3L;CHRONOPOST PROJETS INFRASTRUCTURE;XP395866330FR  XP395866357FR  XP395866374FR  XP395866405FR  XP395866414FR  XP395866428FR  XP395866445FR  XP395866462FR  XP395866476FR;CHRONOPOST HUB CORBAS;TE2109030114;LFS VENISSIEUX Vénissuex - déstockage Ecran
2;Dossier;2110110866;2021-10-14;2021-10-12;CHR61NP1G4;SCANNER DE DOCUMENTS PANASONIC KV S5076H;G3009VP1138;CHRONOPOST PROJETS INFRASTRUCTURE;XP395865382FR  XP395865396FR;CHRONOPOST HUB CORBAS;TE2010010063;LFS VENISSIEUX Vénissieux - Déstockage et production Sanner Panasonic
1;Dossier;2109170598;2021-10-14;2021-09-21;CHR11RF1FN;PORTABLE HP Elitebook 840 G4 - i5 - 256GbSSD - 16GB;5CG811308Y;CHRONOPOST FIL DE L'EAU;IS021090247;2109170598;TE2109200130;GMS MAGNETIK Reconfiguration d'un PC portable bureautique SANS PERSONNALISATION
1;Dossier;2109170598;2021-10-14;2021-09-21;PORTABLE MASTER;PORTABLE A REMASTERISER;;CHRONOPOST FIL DE L'EAU;XP369649663FR;2109170598;TE2109200130;GMS MAGNETIK Reconfiguration d'un PC portable bureautique SANS PERSONNALISATION
1;Dossier;2109170599;2021-10-14;2021-09-21;PORTABLE MASTER;PORTABLE A REMASTERISER;;CHRONOPOST FIL DE L'EAU;XP369649663FR;2109170599;TE2109200131;GMS MAGNETIK Reconfiguration d'un PC portable bureautique SANS PERSONNALISATION
1;Dossier;2109170599;2021-10-14;2021-09-21;TLT11RF1FC;PORTABLE HP ELITEBOOK 840 G4 i5-256GB-8 GB RECYCLE;5CG8290N54;TELINTRANS;IS021090248;2109170599;TE2109200131;GMS MAGNETIK Reconfiguration d'un PC portable bureautique SANS PERSONNALISATION
1;Dossier;2108240549;2021-10-13;2021-10-12;CHR61NF1JH;SCANNER DE DOCUMENTS PANASONIC KV S1058Y U;H3218VH1297;CHRONOPOST FIL DE L'EAU;XP394187248FR;CHRONOPOST CLERMONT FERRAND;TE2109150450;CLERMONT-FERRAND Nouveau scanner (numérisation C11) petit volume pour Deloc
1;Dossier;2108280034;2021-10-13;2021-10-12;CHR61NF1JH;SCANNER DE DOCUMENTS PANASONIC KV S1058Y U;H3218VH1312;CHRONOPOST FIL DE L'EAU;XP394194875FR;CHRONOPOST BORDEAUX MERIGNAC;TE2109150459;BORDEAUX MERIGNAC Nouveau scanner (numérisation C11) petit volume pour Deloc
1;Dossier;2109060504;2021-10-13;2021-10-12;CHR61NF1JH;SCANNER DE DOCUMENTS PANASONIC KV S1058Y U;H3218VH1323;CHRONOPOST FIL DE L'EAU;XP394194323FR;CHRONOPOST RUNGIS 94;TE2109150429;RUNGIS 94 Nouveau scanner (numérisation C11) petit volume pour Deloc
1;Dossier;2110070934;2021-10-13;2021-10-12;CHR10RF1ER;UC HP PRODESK 600 G3 SMALL FORM FACTOR PC WIN 10 + CARTE WIFI RECYCLE;CZC7388NFD;CHRONOPOST FIL DE L'EAU;XP394115714FR  XP394115728FR;CHRONOPOST SIEGE MAGNETIK;TE2109220003;FRR CHRONOPOST SIEGE MAGNETIK Nouveau PC fixe bureautique GORKI BENALAL
1;Dossier;2110070934;2021-10-13;2021-10-12;CHR25NF1JK;ECRAN LENOVO 22'' ref T22i-20;SV9081MA8;CHRONOPOST FIL DE L'EAU;XP394115714FR  XP394115728FR;CHRONOPOST SIEGE MAGNETIK;TE2109090105;FRR CHRONOPOST SIEGE MAGNETIK Nouveau PC fixe bureautique GORKI BENALAL
1;Dossier;2110070935;2021-10-13;2021-10-12;CHR10RF1ER;UC HP PRODESK 600 G3 SMALL FORM FACTOR PC WIN 10 + CARTE WIFI RECYCLE;CZC8277DQ9;CHRONOPOST FIL DE L'EAU;XP394114930FR  XP394114943FR;CHRONOPOST SIEGE MAGNETIK ;TE2109270006;FRR CHRONOPOST SIEGE MAGNETIK Nouveau PC fixe bureautique GORKI BENALAL
1;Dossier;2110070935;2021-10-13;2021-10-12;CHR25NF1JK;ECRAN LENOVO 22'' ref T22i-20;SV9081MA7;CHRONOPOST FIL DE L'EAU;XP394114930FR  XP394114943FR;CHRONOPOST SIEGE MAGNETIK ;TE2109090119;FRR CHRONOPOST SIEGE MAGNETIK Nouveau PC fixe bureautique GORKI BENALAL
1;Dossier;2110110116;2021-10-13;2021-10-12;CHR10RF1ER;UC HP PRODESK 600 G3 SMALL FORM FACTOR PC WIN 10 + CARTE WIFI RECYCLE;CZC7318YTT;CHRONOPOST FIL DE L'EAU;XP394438581FR  XP394438604FR;CHRONOPOST AMIENS ;TE2109220006;AMIENS Demande de poste PMC LINUX
1;Dossier;2110110116;2021-10-13;2021-10-12;CHR25NF1JK;ECRAN LENOVO 22'' ref T22i-20;SV9081MA2;CHRONOPOST FIL DE L'EAU;XP394438581FR  XP394438604FR;CHRONOPOST AMIENS ;TE2109090103;AMIENS Demande de poste PMC LINUX
1;Dossier;2110110116;2021-10-13;2021-10-12;CHR58NF1ET;BARRE DE SON HP LCD;;CHRONOPOST FIL DE L'EAU;XP394438581FR  XP394438604FR;CHRONOPOST AMIENS ;TE1709050777;AMIENS Demande de poste PMC LINUX
1;Dossier;2110110116;2021-10-13;2021-10-12;CHR70NF0O7;RALLONGE USB2 A-A MALE-FEMELLE 5M;;CHRONOPOST FIL DE L'EAU;XP394438581FR  XP394438604FR;CHRONOPOST AMIENS ;TE1906170350;AMIENS Demande de poste PMC LINUX
1;Dossier;2110110116;2021-10-13;2021-10-12;CHR76NF1HG;Câble DisplayPort mâle/mâle 3M;;CHRONOPOST FIL DE L'EAU;XP394438581FR  XP394438604FR;CHRONOPOST AMIENS ;TE1912060538;AMIENS Demande de poste PMC LINUX
1;Dossier;2110110116;2021-10-13;2021-10-12;CHR77NF06D;CABLE ALIMENTATION SECTEUR NOIR DE 5M;;CHRONOPOST FIL DE L'EAU;XP394438581FR  XP394438604FR;CHRONOPOST AMIENS ;TE2103190494;AMIENS Demande de poste PMC LINUX
1;Dossier;2110110116;2021-10-13;2021-10-12;CHR92NF012;BLOC MULTIPRISES 6 PRISES + IN CABLE 1,5 METRES;;CHRONOPOST FIL DE L'EAU;XP394438581FR  XP394438604FR;CHRONOPOST AMIENS ;TE2107090032;AMIENS Demande de poste PMC LINUX
10;Dossier;2109270897;2021-10-13;2021-10-05;CHR34NF18P;PC43D LCD USB/ETHERNET ( ZPL);086C2120031;CHRONOPOST FIL DE L'EAU;XP394838624FR  XP394838655FR  XP394838669FR  XP394838672FR  XP394838686FR  XP394838690FR  XP394838709FR  XP394838638FR  XP394838641FR  XP394838726FR;AGENCE CHRONOPOST AIX FUVEAU;TE2107060113;LFS HUB PACA salon de Provence - déstockage imprimante TAC
10;Dossier;2109270897;2021-10-13;2021-10-05;CHR41NF0BQ;MODULE ETHERNET POUR PC43;;CHRONOPOST FIL DE L'EAU;XP394838624FR  XP394838655FR  XP394838669FR  XP394838672FR  XP394838686FR  XP394838690FR  XP394838709FR  XP394838638FR  XP394838641FR  XP394838726FR;AGENCE CHRONOPOST AIX FUVEAU;TE2107150074;LFS HUB PACA salon de Provence - déstockage imprimante TAC
2;Dossier;2109230706;2021-10-13;2021-09-23;CHR47NP1GU;BORNE WIFI Aruba AP-345 (RW) Unified AP;CNK9K5102J;CHRONOPOST PROJETS INFRASTRUCTURE;XP394112783FR  XP394112797FR;AGENCE CHRONOPOST SOPHIA ANTIPOLIS (SIA);TE2103180175;FCA Déstockage accessoire - Mouans-Sartoux
3;Dossier;2109230706;2021-10-13;2021-09-23;CHR73NP0H5;CORDON SURMOULE BLEU RJ45  FTP CAT6E 4P 100 OHMS DE 1M;;CHRONOPOST PROJETS INFRASTRUCTURE;XP394112783FR  XP394112797FR;AGENCE CHRONOPOST SOPHIA ANTIPOLIS (SIA);TE1507060436;FCA Déstockage accessoire - Mouans-Sartoux
4;Dossier;2109230706;2021-10-13;2021-09-23;CHR73NP154;CORDON  CAT6 DE 3M GRIS;;CHRONOPOST PROJETS INFRASTRUCTURE;XP394112783FR  XP394112797FR;AGENCE CHRONOPOST SOPHIA ANTIPOLIS (SIA);TE2008171835;FCA Déstockage accessoire - Mouans-Sartoux
4;Dossier;2109230706;2021-10-13;2021-09-23;CHR73NP1B0;CORDON SURMOULE DROIT VERT RJ45 FTP CAT.6 -100 OHMS 250 Mhz 2M;;CHRONOPOST PROJETS INFRASTRUCTURE;XP394112783FR  XP394112797FR;AGENCE CHRONOPOST SOPHIA ANTIPOLIS (SIA);TE2008171030;FCA Déstockage accessoire - Mouans-Sartoux
2;Dossier;2109230706;2021-10-13;2021-09-23;CHR73NP1B1;CORDON SURMOULE DROIT VIOLET RJ45 FTP CAT.6 -100 OHMS 250 Mhz 2M;;CHRONOPOST PROJETS INFRASTRUCTURE;XP394112783FR  XP394112797FR;AGENCE CHRONOPOST SOPHIA ANTIPOLIS (SIA);TE2107160213;FCA Déstockage accessoire - Mouans-Sartoux
2;Dossier;2109230706;2021-10-13;2021-09-23;CHR73NP1CD;CORDON SURMOULE DROIT ROUGE RJ45 FTP CAT.6 100 OHMS 250 Mhz 2M;;CHRONOPOST PROJETS INFRASTRUCTURE;XP394112783FR  XP394112797FR;AGENCE CHRONOPOST SOPHIA ANTIPOLIS (SIA);TE2104130068;FCA Déstockage accessoire - Mouans-Sartoux
4;Dossier;2109230706;2021-10-13;2021-09-23;CHR73NP1JG;Lot de 10 Cordons Surmoules droit bleu RJ45 FTP CAT.6 2M;;CHRONOPOST PROJETS INFRASTRUCTURE;XP394112783FR  XP394112797FR;AGENCE CHRONOPOST SOPHIA ANTIPOLIS (SIA);TE2107220045;FCA Déstockage accessoire - Mouans-Sartoux
1;Dossier;2109230706;2021-10-13;2021-09-23;CHR73NP1JT;Lot de 10 Cordons Surmoules Droit RJ45 FTP CAT.6 - 250 Mhz 2M;;CHRONOPOST PROJETS INFRASTRUCTURE;XP394112783FR  XP394112797FR;AGENCE CHRONOPOST SOPHIA ANTIPOLIS (SIA);TE2107200243;FCA Déstockage accessoire - Mouans-Sartoux
2;Dossier;2109230706;2021-10-13;2021-09-23;CHR91NP1B3;LOT 50 VIS ECROUS ENJOLIVEURS POUR RACKAGE;;CHRONOPOST PROJETS INFRASTRUCTURE;XP394112783FR  XP394112797FR;AGENCE CHRONOPOST SOPHIA ANTIPOLIS (SIA);TE1807270198;FCA Déstockage accessoire - Mouans-Sartoux
1;Dossier;2109230706;2021-10-13;2021-09-23;CHR99NP19B;ROULEAU VELCRO DE 5M - LARGEUR DE 2 CM NOIR;;CHRONOPOST PROJETS INFRASTRUCTURE;XP394112783FR  XP394112797FR;AGENCE CHRONOPOST SOPHIA ANTIPOLIS (SIA);TE2008170400;FCA Déstockage accessoire - Mouans-Sartoux
10;Dossier;2109230706;2021-10-13;2021-09-23;CHR99NP1B5;PASSE-CABLES PEIGNE;;CHRONOPOST PROJETS INFRASTRUCTURE;XP394112783FR  XP394112797FR;AGENCE CHRONOPOST SOPHIA ANTIPOLIS (SIA);TE1808080502;FCA Déstockage accessoire - Mouans-Sartoux
5;Dossier;2109170536;2021-10-13;2021-09-21;CHR11RF1HH;PORTABLE LENOVO T490 CORE I5 256SSD 16GB;PF12K3B0;CHRONOPOST FIL DE L'EAU;IS021090232;2109170536;TE2109200115;GMS MAGNETIK Reconfiguration SANS PERSONNALISATION d'un PC portable bureautique SANS ALIMENTATION
2;Dossier;2109170536;2021-10-13;2021-09-21;PORTABLE MASTER;PORTABLE A REMASTERISER;;CHRONOPOST FIL DE L'EAU;XP369600223FR;2109170536;TE2109200115;GMS MAGNETIK Reconfiguration SANS PERSONNALISATION d'un PC portable bureautique SANS ALIMENTATION
1;Dossier;2110050557;2021-10-12;2021-10-12;CHR11RF1D7;LENOVO PORTABLE T460 RECYCLE;PC0HD1TV;CHRONOPOST FIL DE L'EAU;XP393211277FR;CHRONOPOST VERSAILLES COIGNIERES ;TE2109270016;reconfiguration portable Coigneres        
36;Dossier;2109220016;2021-10-12;2021-09-24;CHR10NP1HW;UC HP PRODESK 600 G5 i5 16GB 256SSD W10;CZC01882YB;CHRONOPOST PROJETS INFRASTRUCTURE;XP393548784FR  XP393548798FR  XP393548807FR  XP393548815FR  XP393548824FR  XP393548838FR  XP393548841FR  XP393548855FR  XP393548869FR  XP393548872FR  XP393548909FR  XP393548912FR  XP393548957FR  XP393548974FR  XP393549008FR  XP393549011FR  XP393549025FR  XP393549042FR  XP393549073FR  XP393549158FR  XP393549189FR  XP393549087FR  XP393549113FR  XP393549127FR  XP393549144FR;CHRONOPOST MARSEILLE NORD;TE2005070068;SPE Déstockages PC et imprimantes - Marseille Nord
36;Dossier;2109220016;2021-10-12;2021-09-24;CHR10NP1HY;UC HP PRODESK 600 G5 i5 16GB 256SSD Freedos;CZC0327LVW;CHRONOPOST PROJETS INFRASTRUCTURE;XP393548784FR  XP393548798FR  XP393548807FR  XP393548815FR  XP393548824FR  XP393548838FR  XP393548841FR  XP393548855FR  XP393548869FR  XP393548872FR  XP393548909FR  XP393548912FR  XP393548957FR  XP393548974FR  XP393549008FR  XP393549011FR  XP393549025FR  XP393549042FR  XP393549073FR  XP393549158FR  XP393549189FR  XP393549087FR  XP393549113FR  XP393549127FR  XP393549144FR;CHRONOPOST MARSEILLE NORD;TE2008120286;SPE Déstockages PC et imprimantes - Marseille Nord
72;Dossier;2109220016;2021-10-12;2021-09-24;CHR27RP1K3;ECRAN HP 20"  ref HP LA2006x;3CQ0461LZ0;CHRONOPOST PROJETS INFRASTRUCTURE;XP393548784FR  XP393548798FR  XP393548807FR  XP393548815FR  XP393548824FR  XP393548838FR  XP393548841FR  XP393548855FR  XP393548869FR  XP393548872FR  XP393548909FR  XP393548912FR  XP393548957FR  XP393548974FR  XP393549008FR  XP393549011FR  XP393549025FR  XP393549042FR  XP393549073FR  XP393549158FR  XP393549189FR  XP393549087FR  XP393549113FR  XP393549127FR  XP393549144FR;CHRONOPOST MARSEILLE NORD;TE2109020244;SPE Déstockages PC et imprimantes - Marseille Nord
36;Dossier;2109220016;2021-10-12;2021-09-24;CHR58NP1ET;BARRE DE SON HP LCD;;CHRONOPOST PROJETS INFRASTRUCTURE;XP393548784FR  XP393548798FR  XP393548807FR  XP393548815FR  XP393548824FR  XP393548838FR  XP393548841FR  XP393548855FR  XP393548869FR  XP393548872FR  XP393548909FR  XP393548912FR  XP393548957FR  XP393548974FR  XP393549008FR  XP393549011FR  XP393549025FR  XP393549042FR  XP393549073FR  XP393549158FR  XP393549189FR  XP393549087FR  XP393549113FR  XP393549127FR  XP393549144FR;CHRONOPOST MARSEILLE NORD;TE1710030256;SPE Déstockages PC et imprimantes - Marseille Nord
2;Dossier;2109220016;2021-10-12;2021-09-24;CHR61NP1G4;SCANNER DE DOCUMENTS PANASONIC KV S5076H;G3009VP1140;CHRONOPOST PROJETS INFRASTRUCTURE;XP393548784FR  XP393548798FR  XP393548807FR  XP393548815FR  XP393548824FR  XP393548838FR  XP393548841FR  XP393548855FR  XP393548869FR  XP393548872FR  XP393548909FR  XP393548912FR  XP393548957FR  XP393548974FR  XP393549008FR  XP393549011FR  XP393549025FR  XP393549042FR  XP393549073FR  XP393549158FR  XP393549189FR  XP393549087FR  XP393549113FR  XP393549127FR  XP393549144FR;CHRONOPOST MARSEILLE NORD;TE2010010036;SPE Déstockages PC et imprimantes - Marseille Nord
36;Dossier;2109220016;2021-10-12;2021-09-24;CHR70NP0O7;RALLONGE USB2 A-A MALE-FEMELLE 5M;;CHRONOPOST PROJETS INFRASTRUCTURE;XP393548784FR  XP393548798FR  XP393548807FR  XP393548815FR  XP393548824FR  XP393548838FR  XP393548841FR  XP393548855FR  XP393548869FR  XP393548872FR  XP393548909FR  XP393548912FR  XP393548957FR  XP393548974FR  XP393549008FR  XP393549011FR  XP393549025FR  XP393549042FR  XP393549073FR  XP393549158FR  XP393549189FR  XP393549087FR  XP393549113FR  XP393549127FR  XP393549144FR;CHRONOPOST MARSEILLE NORD;TE1703030570;SPE Déstockages PC et imprimantes - Marseille Nord
36;Dossier;2109220016;2021-10-12;2021-09-24;CHR76NP1HG;Câble DisplayPort mâle/mâle 3M;;CHRONOPOST PROJETS INFRASTRUCTURE;XP393548784FR  XP393548798FR  XP393548807FR  XP393548815FR  XP393548824FR  XP393548838FR  XP393548841FR  XP393548855FR  XP393548869FR  XP393548872FR  XP393548909FR  XP393548912FR  XP393548957FR  XP393548974FR  XP393549008FR  XP393549011FR  XP393549025FR  XP393549042FR  XP393549073FR  XP393549158FR  XP393549189FR  XP393549087FR  XP393549113FR  XP393549127FR  XP393549144FR;CHRONOPOST MARSEILLE NORD;TE1912060544;SPE Déstockages PC et imprimantes - Marseille Nord
36;Dossier;2109220016;2021-10-12;2021-09-24;CHR77NP06D;CABLE ALIMENTATION SECTEUR NOIR DE 5M;;CHRONOPOST PROJETS INFRASTRUCTURE;XP393548784FR  XP393548798FR  XP393548807FR  XP393548815FR  XP393548824FR  XP393548838FR  XP393548841FR  XP393548855FR  XP393548869FR  XP393548872FR  XP393548909FR  XP393548912FR  XP393548957FR  XP393548974FR  XP393549008FR  XP393549011FR  XP393549025FR  XP393549042FR  XP393549073FR  XP393549158FR  XP393549189FR  XP393549087FR  XP393549113FR  XP393549127FR  XP393549144FR;CHRONOPOST MARSEILLE NORD;TE1901040483;SPE Déstockages PC et imprimantes - Marseille Nord
36;Dossier;2109220016;2021-10-12;2021-09-24;CHR92NP012;BLOC MULTIPRISES 6 PRISES + IN CABLE 1,5 METRES;;CHRONOPOST PROJETS INFRASTRUCTURE;XP393548784FR  XP393548798FR  XP393548807FR  XP393548815FR  XP393548824FR  XP393548838FR  XP393548841FR  XP393548855FR  XP393548869FR  XP393548872FR  XP393548909FR  XP393548912FR  XP393548957FR  XP393548974FR  XP393549008FR  XP393549011FR  XP393549025FR  XP393549042FR  XP393549073FR  XP393549158FR  XP393549189FR  XP393549087FR  XP393549113FR  XP393549127FR  XP393549144FR;CHRONOPOST MARSEILLE NORD;TE2106300267;SPE Déstockages PC et imprimantes - Marseille Nord
10;Dossier;2109210933;2021-10-12;2021-09-22;CHR10NP1HY;UC HP PRODESK 600 G5 i5 16GB 256SSD Freedos;CZC0188304;CHRONOPOST PROJETS INFRASTRUCTURE;;CHRONOPOST TOULOUSE ;TE2005050068;LFS Toulouse Chapitre : Destockage et production de PMC Linux
6;Dossier;2109210933;2021-10-12;2021-09-22;CHR10RP1FQ;UC RECYCLE + CARTE WIFI FORMATE PMC LINUX;CZC7317N3C;CHRONOPOST PROJETS INFRASTRUCTURE;;CHRONOPOST TOULOUSE ;TE2105100048;LFS Toulouse Chapitre : Destockage et production de PMC Linux
16;Dossier;2109210933;2021-10-12;2021-09-22;CHR27RP1K3;ECRAN HP 20"  ref HP LA2006x;3CQ0491X9S;CHRONOPOST PROJETS INFRASTRUCTURE;;CHRONOPOST TOULOUSE ;TE2109020232;LFS Toulouse Chapitre : Destockage et production de PMC Linux
16;Dossier;2109210933;2021-10-12;2021-09-22;CHR58NP1ET;BARRE DE SON HP LCD;;CHRONOPOST PROJETS INFRASTRUCTURE;;CHRONOPOST TOULOUSE ;TE1710030274;LFS Toulouse Chapitre : Destockage et production de PMC Linux
16;Dossier;2109210933;2021-10-12;2021-09-22;CHR70NP0O7;RALLONGE USB2 A-A MALE-FEMELLE 5M;;CHRONOPOST PROJETS INFRASTRUCTURE;;CHRONOPOST TOULOUSE ;TE1703030588;LFS Toulouse Chapitre : Destockage et production de PMC Linux
16;Dossier;2109210933;2021-10-12;2021-09-22;CHR76NP1HG;Câble DisplayPort mâle/mâle 3M;;CHRONOPOST PROJETS INFRASTRUCTURE;;CHRONOPOST TOULOUSE ;TE1912060562;LFS Toulouse Chapitre : Destockage et production de PMC Linux
16;Dossier;2109210933;2021-10-12;2021-09-22;CHR77NP06D;CABLE ALIMENTATION SECTEUR NOIR DE 5M;;CHRONOPOST PROJETS INFRASTRUCTURE;;CHRONOPOST TOULOUSE ;TE1901040501;LFS Toulouse Chapitre : Destockage et production de PMC Linux
16;Dossier;2109210933;2021-10-12;2021-09-22;CHR92NP012;BLOC MULTIPRISES 6 PRISES + IN CABLE 1,5 METRES;;CHRONOPOST PROJETS INFRASTRUCTURE;;CHRONOPOST TOULOUSE ;TE2106300285;LFS Toulouse Chapitre : Destockage et production de PMC Linux
5;Dossier;2109170395;2021-10-12;2021-09-21;CHR11RF1D7;LENOVO PORTABLE T460 RECYCLE;PC0GBJ9D;CHRONOPOST FIL DE L'EAU;IS021090238;2109170395;TE2109200122;GMS MAGNETIK Reconfiguration SANS PERSONNALISATION d'un PC portable bureautique
2;Dossier;2109170395;2021-10-12;2021-09-21;PORTABLE MASTER;PORTABLE A REMASTERISER;;CHRONOPOST FIL DE L'EAU;XP369321365FR;2109170395;TE2109200122;GMS MAGNETIK Reconfiguration SANS PERSONNALISATION d'un PC portable bureautique
5;Dossier;2109170396;2021-10-12;2021-09-21;CHR11RF1D7;LENOVO PORTABLE T460 RECYCLE;PC0H07D2;CHRONOPOST FIL DE L'EAU;IS021090239;2109170396;TE2109200123;GMS MAGNETIK Reconfiguration SANS PERSONNALISATION d'un PC portable bureautique
2;Dossier;2109170396;2021-10-12;2021-09-21;PORTABLE MASTER;PORTABLE A REMASTERISER;;CHRONOPOST FIL DE L'EAU;XP369321365FR;2109170396;TE2109200123;GMS MAGNETIK Reconfiguration SANS PERSONNALISATION d'un PC portable bureautique
4;Dossier;2109170533;2021-10-12;2021-09-21;CHR11RF1J9;Portable LENOVO T14 i5-10210U 256SSD 16GB;PF2GJ5NY;CHRONOPOST FIL DE L'EAU;IS021090230;2109170533;TE2109200112;GMS MAGNETIK Reconfiguration SANS PERSONNALISATION d'un PC portable bureautique SANS ALIMENTATION
2;Dossier;2109170533;2021-10-12;2021-09-21;PORTABLE MASTER;PORTABLE A REMASTERISER;;CHRONOPOST FIL DE L'EAU;XP369600223FR;2109170533;TE2109200112;GMS MAGNETIK Reconfiguration SANS PERSONNALISATION d'un PC portable bureautique SANS ALIMENTATION
4;Dossier;2109170534;2021-10-12;2021-09-21;CHR11RF1HH;PORTABLE LENOVO T490 CORE I5 256SSD 16GB;PF25XXTV;CHRONOPOST FIL DE L'EAU;IS021090231;2109170534;TE2109200113;GMS MAGNETIK Reconfiguration SANS PERSONNALISATION d'un PC portable bureautique SANS ALIMENTATION
2;Dossier;2109170534;2021-10-12;2021-09-21;PORTABLE MASTER;PORTABLE A REMASTERISER;;CHRONOPOST FIL DE L'EAU;XP369600223FR;2109170534;TE2109200113;GMS MAGNETIK Reconfiguration SANS PERSONNALISATION d'un PC portable bureautique SANS ALIMENTATION
5;Dossier;2109170537;2021-10-12;2021-09-21;CHR11RF1HH;PORTABLE LENOVO T490 CORE I5 256SSD 16GB;PF25YY3T;CHRONOPOST FIL DE L'EAU;IS021090233;2109170537;TE2109200116;GMS MAGNETIK Reconfiguration SANS PERSONNALISATION d'un PC portable bureautique SANS ALIMENTATION
2;Dossier;2109170537;2021-10-12;2021-09-21;PORTABLE MASTER;PORTABLE A REMASTERISER;;CHRONOPOST FIL DE L'EAU;XP369600223FR;2109170537;TE2109200116;GMS MAGNETIK Reconfiguration SANS PERSONNALISATION d'un PC portable bureautique SANS ALIMENTATION
4;Dossier;2109170538;2021-10-12;2021-09-21;CHR11RF1HH;PORTABLE LENOVO T490 CORE I5 256SSD 16GB;PF12JHR6;CHRONOPOST FIL DE L'EAU;IS021090237;2109170538;TE2109200121;GMS MAGNETIK Reconfiguration SANS PERSONNALISATION d'un PC portable bureautique SANS ALIMENTATION
2;Dossier;2109170538;2021-10-12;2021-09-21;PORTABLE MASTER;PORTABLE A REMASTERISER;;CHRONOPOST FIL DE L'EAU;XP369567641FR;2109170538;TE2109200121;GMS MAGNETIK Reconfiguration SANS PERSONNALISATION d'un PC portable bureautique SANS ALIMENTATION
5;Dossier;2109170539;2021-10-12;2021-09-21;CHR11RF1J9;Portable LENOVO T14 i5-10210U 256SSD 16GB;PF2GPJT4;CHRONOPOST FIL DE L'EAU;IS021090234;2109170539;TE2109200118;GMS MAGNETIK Reconfiguration SANS PERSONNALISATION d'un PC portable bureautique SANS ALIMENTATION
2;Dossier;2109170539;2021-10-12;2021-09-21;PORTABLE MASTER;PORTABLE A REMASTERISER;;CHRONOPOST FIL DE L'EAU;XP369567641FR;2109170539;TE2109200118;GMS MAGNETIK Reconfiguration SANS PERSONNALISATION d'un PC portable bureautique SANS ALIMENTATION
5;Dossier;2109170540;2021-10-12;2021-09-21;CHR11RF1J9;Portable LENOVO T14 i5-10210U 256SSD 16GB;PF2GJSNN;CHRONOPOST FIL DE L'EAU;IS021090235;2109170540;TE2109200119;GMS MAGNETIK Reconfiguration SANS PERSONNALISATION d'un PC portable bureautique SANS ALIMENTATION
2;Dossier;2109170540;2021-10-12;2021-09-21;PORTABLE MASTER;PORTABLE A REMASTERISER;;CHRONOPOST FIL DE L'EAU;XP369567641FR;2109170540;TE2109200119;GMS MAGNETIK Reconfiguration SANS PERSONNALISATION d'un PC portable bureautique SANS ALIMENTATION
4;Dossier;2109170541;2021-10-12;2021-09-21;CHR11RF1J9;Portable LENOVO T14 i5-10210U 256SSD 16GB;PF2GL5BV;CHRONOPOST FIL DE L'EAU;IS021090236;2109170541;TE2109200120;GMS MAGNETIK Reconfiguration SANS PERSONNALISATION d'un PC portable bureautique SANS ALIMENTATION
2;Dossier;2109170541;2021-10-12;2021-09-21;PORTABLE MASTER;PORTABLE A REMASTERISER;;CHRONOPOST FIL DE L'EAU;XP369567641FR;2109170541;TE2109200120;GMS MAGNETIK Reconfiguration SANS PERSONNALISATION d'un PC portable bureautique SANS ALIMENTATION
1;Dossier;2109170597;2021-10-12;2021-09-21;PORTABLE MASTER;PORTABLE A REMASTERISER;;CHRONOPOST FIL DE L'EAU;XP369649663FR;2109170597;TE2109200129;GMS MAGNETIK Reconfiguration d'un PC portable bureautique SANS PERSONNALISATION
1;Dossier;2109170597;2021-10-12;2021-09-21;TLT11RF1G2;LENOVO PORTABLE T480 i5 16Gb - 256SSD;PF1FVZE9;TELINTRANS;IS021090246;2109170597;TE2109200129;GMS MAGNETIK Reconfiguration d'un PC portable bureautique SANS PERSONNALISATION
1;Dossier;2110060779;2021-10-11;2021-10-11;CHR10RFSTT;UC CHR DELOC RECYCLE;CZC7317QMV;CHRONOPOST FIL DE L'EAU;XP391998542FR  XP391998556FR  XP391998573FR;CHRONOPOST NANTES ;TE1802200052;PMI NANTES TFC 2021 - Destockage du poste Deloc Linux NTE02
1;Dossier;2110060779;2021-10-11;2021-10-11;CHR25NF1JK;ECRAN LENOVO 22'' ref T22i-20;SV9081M7G;CHRONOPOST FIL DE L'EAU;XP391998542FR  XP391998556FR  XP391998573FR;CHRONOPOST NANTES ;TE2109090189;PMI NANTES TFC 2021 - Destockage du poste Deloc Linux NTE02
1;Dossier;2110060779;2021-10-11;2021-10-11;CHR32RF1A2;IMP LEXMARK MS812DE RECYCLE;4063369908N87;CHRONOPOST FIL DE L'EAU;XP391998542FR  XP391998556FR  XP391998573FR;CHRONOPOST NANTES ;TE2108190039;PMI NANTES TFC 2021 - Destockage du poste Deloc Linux NTE02
1;Dossier;2110060779;2021-10-11;2021-10-11;CHR70NF0FP;CORDON USB TYPE A/B 1,8M;;CHRONOPOST FIL DE L'EAU;XP391998542FR  XP391998556FR  XP391998573FR;CHRONOPOST NANTES ;TE1907220048;PMI NANTES TFC 2021 - Destockage du poste Deloc Linux NTE02
2;Dossier;2109281066;2021-10-11;2021-09-29;CHR77NP06D;CABLE ALIMENTATION SECTEUR NOIR DE 5M;;CHRONOPOST PROJETS INFRASTRUCTURE;XP392118457FR;CHRONOPOST SOPHIA ANTIPOLIS (SIA) VALBONNE;TE1901040548;FCA MOUANS-SARTOUX Déstockage Cable Serveur
12;Dossier;2109210454;2021-10-11;2021-09-24;CHR10NP1HW;UC HP PRODESK 600 G5 i5 16GB 256SSD W10;CZC01882Y6;CHRONOPOST PROJETS INFRASTRUCTURE;;CHRONOPOST TOULOUSE ;TE2005070082;LFS TOULOUSE CHAPITRE Déstockage PC bureautique
12;Dossier;2109210454;2021-10-11;2021-09-24;CHR27RP1K3;ECRAN HP 20"  ref HP LA2006x;3CQ0461LYG;CHRONOPOST PROJETS INFRASTRUCTURE;;CHRONOPOST TOULOUSE ;TE2109020180;LFS TOULOUSE CHAPITRE Déstockage PC bureautique
6;Dossier;2109270896;2021-10-08;2021-10-05;CHR32NF1G3;IMP LEXMARK MS826DE;S406403301FKKR;CHRONOPOST FIL DE L'EAU;XP389778485FR  XP389778494FR  XP389778517FR  XP389778525FR  XP389778548FR  XP389778565FR  XP389778582FR  XP389778619FR  XP389778640FR  XP389778667FR  XP389778698FR  XP389778715FR;CHRONOPOST AIX FUVEAU;TE2012230022;LFS HUB PACA Salon de Provence - Destockage et production des imprimantes C11
6;Dossier;2109270896;2021-10-08;2021-10-05;CHR39NF1G6;MS826DE BAC SUPPLEMENTAIRE;;CHRONOPOST FIL DE L'EAU;XP389778485FR  XP389778494FR  XP389778517FR  XP389778525FR  XP389778548FR  XP389778565FR  XP389778582FR  XP389778619FR  XP389778640FR  XP389778667FR  XP389778698FR  XP389778715FR;CHRONOPOST AIX FUVEAU;TE2109130106;LFS HUB PACA Salon de Provence - Destockage et production des imprimantes C11
1;Dossier;2109290882;2021-10-08;2021-09-30;CHR34NP18P;PC43D LCD USB/ETHERNET (ZPL RESEAU);006C2120063;CHRONOPOST PROJETS INFRASTRUCTURE;XP389766496FR;CHRONOPOST STRASBOURG;TE2103010173;FCA STRASBOURG Déstockage et Préparation de 1 imprimante TAC
1;Dossier;2109290882;2021-10-08;2021-09-30;CHR41NP0BQ;MODULE ETHERNET POUR PC43;;CHRONOPOST PROJETS INFRASTRUCTURE;XP389766496FR;CHRONOPOST STRASBOURG;TE2103010263;FCA STRASBOURG Déstockage et Préparation de 1 imprimante TAC
3;Dossier;2109290888;2021-10-08;2021-09-29;CHR10RP1ER;UC HP PRODESK 600 G3 SMALL FORM FACTOR PC WIN 10 + CARTE WIFI RECYCLE;CZC7317MYR;CHRONOPOST PROJETS INFRASTRUCTURE;XP389761746FR  XP389761750FR  XP389761785FR  XP389761803FR  XP389761825FR  XP389761848FR;CHRONOPOST STRASBOURG;TE2104270240;FCA Déstockage PC - Supplétif de Strasbourg
3;Dossier;2109290888;2021-10-08;2021-09-29;CHR25NP1K0;Acer V227Qbmipx 21,5" (55cm) 16:9;MMTCBEE00910828E6E4215;CHRONOPOST PROJETS INFRASTRUCTURE;XP389761746FR  XP389761750FR  XP389761785FR  XP389761803FR  XP389761825FR  XP389761848FR;CHRONOPOST STRASBOURG;TE2108090256;FCA Déstockage PC - Supplétif de Strasbourg
20;Dossier;2109270899;2021-10-08;2021-09-28;CHR10RP1ER;UC HP PRODESK 600 G3 SMALL FORM FACTOR PC WIN 10 + CARTE WIFI RECYCLE;CZC7317MXN;CHRONOPOST PROJETS INFRASTRUCTURE;XP390314215FR  XP390314224FR  XP390314241FR  XP390314269FR  XP390314272FR  XP390314290FR  XP390314309FR  XP390314326FR  XP390314330FR  XP390314343FR  XP390314357FR  XP390314365FR  XP390314374FR  XP390314391FR  XP390314405FR  XP390314414FR  XP390314428FR  XP390314431FR  XP390314445FR  XP390314459FR  XP390314462FR  XP390314480FR  XP390314516FR  XP390314520FR  XP390314533FR  XP390314547FR  XP390314555FR  XP390314564FR  XP390314578FR  XP390314581FR;AGENCE CHRONOPOST AIX FUVEAU;TE2107290098;LFS HUB PACA Salon de Provence - déstockage PMC LINUX
16;Dossier;2109270899;2021-10-08;2021-09-28;CHR27RP1K3;ECRAN HP 20"  ref HP LA2006x;3CQ0461LYN;CHRONOPOST PROJETS INFRASTRUCTURE;XP390314215FR  XP390314224FR  XP390314241FR  XP390314269FR  XP390314272FR  XP390314290FR  XP390314309FR  XP390314326FR  XP390314330FR  XP390314343FR  XP390314357FR  XP390314365FR  XP390314374FR  XP390314391FR  XP390314405FR  XP390314414FR  XP390314428FR  XP390314431FR  XP390314445FR  XP390314459FR  XP390314462FR  XP390314480FR  XP390314516FR  XP390314520FR  XP390314533FR  XP390314547FR  XP390314555FR  XP390314564FR  XP390314578FR  XP390314581FR;AGENCE CHRONOPOST AIX FUVEAU;TE2109020235;LFS HUB PACA Salon de Provence - déstockage PMC LINUX
20;Dossier;2109270899;2021-10-08;2021-09-28;CHR58NP1ET;BARRE DE SON HP LCD;;CHRONOPOST PROJETS INFRASTRUCTURE;XP390314215FR  XP390314224FR  XP390314241FR  XP390314269FR  XP390314272FR  XP390314290FR  XP390314309FR  XP390314326FR  XP390314330FR  XP390314343FR  XP390314357FR  XP390314365FR  XP390314374FR  XP390314391FR  XP390314405FR  XP390314414FR  XP390314428FR  XP390314431FR  XP390314445FR  XP390314459FR  XP390314462FR  XP390314480FR  XP390314516FR  XP390314520FR  XP390314533FR  XP390314547FR  XP390314555FR  XP390314564FR  XP390314578FR  XP390314581FR;AGENCE CHRONOPOST AIX FUVEAU;TE1710030290;LFS HUB PACA Salon de Provence - déstockage PMC LINUX
20;Dossier;2109270899;2021-10-08;2021-09-28;CHR70NP0O7;RALLONGE USB2 A-A MALE-FEMELLE 5M;;CHRONOPOST PROJETS INFRASTRUCTURE;XP390314215FR  XP390314224FR  XP390314241FR  XP390314269FR  XP390314272FR  XP390314290FR  XP390314309FR  XP390314326FR  XP390314330FR  XP390314343FR  XP390314357FR  XP390314365FR  XP390314374FR  XP390314391FR  XP390314405FR  XP390314414FR  XP390314428FR  XP390314431FR  XP390314445FR  XP390314459FR  XP390314462FR  XP390314480FR  XP390314516FR  XP390314520FR  XP390314533FR  XP390314547FR  XP390314555FR  XP390314564FR  XP390314578FR  XP390314581FR;AGENCE CHRONOPOST AIX FUVEAU;TE1711130159;LFS HUB PACA Salon de Provence - déstockage PMC LINUX
20;Dossier;2109270899;2021-10-08;2021-09-28;CHR76NP1HG;Câble DisplayPort mâle/mâle 3M;;CHRONOPOST PROJETS INFRASTRUCTURE;XP390314215FR  XP390314224FR  XP390314241FR  XP390314269FR  XP390314272FR  XP390314290FR  XP390314309FR  XP390314326FR  XP390314330FR  XP390314343FR  XP390314357FR  XP390314365FR  XP390314374FR  XP390314391FR  XP390314405FR  XP390314414FR  XP390314428FR  XP390314431FR  XP390314445FR  XP390314459FR  XP390314462FR  XP390314480FR  XP390314516FR  XP390314520FR  XP390314533FR  XP390314547FR  XP390314555FR  XP390314564FR  XP390314578FR  XP390314581FR;AGENCE CHRONOPOST AIX FUVEAU;TE1912060578;LFS HUB PACA Salon de Provence - déstockage PMC LINUX
20;Dossier;2109270899;2021-10-08;2021-09-28;CHR77NP06D;CABLE ALIMENTATION SECTEUR NOIR DE 5M;;CHRONOPOST PROJETS INFRASTRUCTURE;XP390314215FR  XP390314224FR  XP390314241FR  XP390314269FR  XP390314272FR  XP390314290FR  XP390314309FR  XP390314326FR  XP390314330FR  XP390314343FR  XP390314357FR  XP390314365FR  XP390314374FR  XP390314391FR  XP390314405FR  XP390314414FR  XP390314428FR  XP390314431FR  XP390314445FR  XP390314459FR  XP390314462FR  XP390314480FR  XP390314516FR  XP390314520FR  XP390314533FR  XP390314547FR  XP390314555FR  XP390314564FR  XP390314578FR  XP390314581FR;AGENCE CHRONOPOST AIX FUVEAU;TE1901040520;LFS HUB PACA Salon de Provence - déstockage PMC LINUX
20;Dossier;2109270899;2021-10-08;2021-09-28;CHR92NP012;BLOC MULTIPRISES 6 PRISES + IN CABLE 1,5 METRES;;CHRONOPOST PROJETS INFRASTRUCTURE;XP390314215FR  XP390314224FR  XP390314241FR  XP390314269FR  XP390314272FR  XP390314290FR  XP390314309FR  XP390314326FR  XP390314330FR  XP390314343FR  XP390314357FR  XP390314365FR  XP390314374FR  XP390314391FR  XP390314405FR  XP390314414FR  XP390314428FR  XP390314431FR  XP390314445FR  XP390314459FR  XP390314462FR  XP390314480FR  XP390314516FR  XP390314520FR  XP390314533FR  XP390314547FR  XP390314555FR  XP390314564FR  XP390314578FR  XP390314581FR;AGENCE CHRONOPOST AIX FUVEAU;TE2106300301;LFS HUB PACA Salon de Provence - déstockage PMC LINUX
5;Dossier;2109270901;2021-10-08;2021-09-28;CHR10NP1HW;UC HP PRODESK 600 G5 i5 16GB 256SSD W10;CZC01882Y4;CHRONOPOST PROJETS INFRASTRUCTURE;XP390292183FR  XP390292197FR  XP390292206FR  XP390292210FR  XP390292223FR  XP390292237FR  XP390292245FR  XP390292254FR  XP390292268FR  XP390292271FR;AGENCE CHRONOPOST AIX FUVEAU;TE2005070079;LFS HUB PACA Salon de Provence - Déstockage PC Bureautique
5;Dossier;2109270901;2021-10-08;2021-09-28;CHR27RP1K3;ECRAN HP 20"  ref HP LA2006x;3CQ0461WJT;CHRONOPOST PROJETS INFRASTRUCTURE;XP390292183FR  XP390292197FR  XP390292206FR  XP390292210FR  XP390292223FR  XP390292237FR  XP390292245FR  XP390292254FR  XP390292268FR  XP390292271FR;AGENCE CHRONOPOST AIX FUVEAU;TE2109020024;LFS HUB PACA Salon de Provence - Déstockage PC Bureautique
2;Dossier;2109270902;2021-10-08;2021-09-28;CHR61NP1G4;SCANNER DE DOCUMENTS PANASONIC KV S5076H;G3009VP1129;CHRONOPOST PROJETS INFRASTRUCTURE;XP390293095FR  XP390293100FR;AGENCE CHRONOPOST AIX FUVEAU;TE2010010062;LFS HUB PACA Salon de Provence - Destockage et production Scanner Panasonic
1;Dossier;2109230440;2021-10-08;2021-09-27;CHR34NP18P;PC43D LCD USB/ETHERNET (ZPL RESEAU);006C2120185;CHRONOPOST PROJETS INFRASTRUCTURE;XP389801635FR;CHRONOPOST SOPHIA ANTIPOLIS (SIA) VALBONNE;TE2103010185;FCA MOUANS-SARTOUX Déstockage et Préparation de 1 imprimante TAC
1;Dossier;2109230440;2021-10-08;2021-09-27;CHR41NP0BQ;MODULE ETHERNET POUR PC43;;CHRONOPOST PROJETS INFRASTRUCTURE;XP389801635FR;CHRONOPOST SOPHIA ANTIPOLIS (SIA) VALBONNE;TE2103010265;FCA MOUANS-SARTOUX Déstockage et Préparation de 1 imprimante TAC
1;Dossier;2109210934;2021-10-08;2021-09-22;CHR10NP1HW;UC HP PRODESK 600 G5 i5 16GB 256SSD W10;CZC01882ZG;CHRONOPOST PROJETS INFRASTRUCTURE;XP390126212FR  XP390126226FR;CHRONOPOST TOULOUSE ;TE2005070049;LFS TOULOUSE CHAPITRE Toulouse - Déstockage PC non masterisé
1;Dossier;2109210934;2021-10-08;2021-09-22;CHR27RP1K3;ECRAN HP 20"  ref HP LA2006x;3CQ0491XP2;CHRONOPOST PROJETS INFRASTRUCTURE;XP390126212FR  XP390126226FR;CHRONOPOST TOULOUSE ;TE2109020025;LFS TOULOUSE CHAPITRE Toulouse - Déstockage PC non masterisé
8;Dossier;2109210938;2021-10-08;2021-09-22;CHR34NP18P;PC43D LCD USB/ETHERNET ( ZPL);006C2120017;CHRONOPOST PROJETS INFRASTRUCTURE;XP389768320FR  XP389768333FR  XP389768355FR  XP389768470FR  XP389768452FR  XP389768378FR  XP389768404FR  XP389768421FR;CHRONOPOST TOULOUSE ;TE2103010196;LFS TOULOUSE CHAPITRE Toulouse: Destockage et production IMP TAC
8;Dossier;2109210938;2021-10-08;2021-09-22;CHR41NP0BQ;MODULE ETHERNET POUR PC43;;CHRONOPOST PROJETS INFRASTRUCTURE;XP389768320FR  XP389768333FR  XP389768355FR  XP389768470FR  XP389768452FR  XP389768378FR  XP389768404FR  XP389768421FR;CHRONOPOST TOULOUSE ;TE2103010256;LFS TOULOUSE CHAPITRE Toulouse: Destockage et production IMP TAC
20;Livraison;ES021100000;2021-10-07;2021-10-05;CLP63NP1HF;LECTEUR CAB filaire 2 D Honeywell Graphite 1910I;21238B63DD;COLIPOSTE PROJET;3138865;1003199516 - SCC;TE2110070089;20 flasheurs COLI projets 1003199516 - SCC    
4;Dossier;2109281028;2021-10-07;2021-09-29;CHR34NP1JY;PC43D LCD USB/ETHERNET ( ZPL RESEAU) carte montée;159C2120033;CHRONOPOST PROJETS INFRASTRUCTURE;XP389131189FR  XP389131192FR  XP389131201FR  XP389131215FR;AGENCE CHRONOPOST BORDEAUX NORD ;TE2108260130;FCA BORDEAUX NORD Déstockage et Préparation de 4 imprimante TAC
8;Dossier;2109281042;2021-10-07;2021-09-29;CHR10RP1FQ;UC RECYCLE + CARTE WIFI FORMATE PMC LINUX;CZC7317MXD;CHRONOPOST PROJETS INFRASTRUCTURE;XP389189135FR  XP389189144FR  XP389189158FR  XP389189161FR  XP389189175FR  XP389189201FR  XP389189215FR  XP389189229FR  XP389189232FR  XP389189246FR  XP389189250FR  XP389189263FR  XP389189277FR  XP389189285FR  XP389189294FR  XP389189303FR;AGENCE CHRONOPOST BORDEAUX NORD ;TE2008070114;FCA Déstockage PC Linux - Extension de Bordeaux Nord
8;Dossier;2109281042;2021-10-07;2021-09-29;CHR25NP1K0;Acer V227Qbmipx 21,5" (55cm) 16:9;MMTCBEE00910828E874215;CHRONOPOST PROJETS INFRASTRUCTURE;XP389189135FR  XP389189144FR  XP389189158FR  XP389189161FR  XP389189175FR  XP389189201FR  XP389189215FR  XP389189229FR  XP389189232FR  XP389189246FR  XP389189250FR  XP389189263FR  XP389189277FR  XP389189285FR  XP389189294FR  XP389189303FR;AGENCE CHRONOPOST BORDEAUX NORD ;TE2108090261;FCA Déstockage PC Linux - Extension de Bordeaux Nord
8;Dossier;2109281042;2021-10-07;2021-09-29;CHR58NP1ET;BARRE DE SON HP LCD;;CHRONOPOST PROJETS INFRASTRUCTURE;XP389189135FR  XP389189144FR  XP389189158FR  XP389189161FR  XP389189175FR  XP389189201FR  XP389189215FR  XP389189229FR  XP389189232FR  XP389189246FR  XP389189250FR  XP389189263FR  XP389189277FR  XP389189285FR  XP389189294FR  XP389189303FR;AGENCE CHRONOPOST BORDEAUX NORD ;TE1710030310;FCA Déstockage PC Linux - Extension de Bordeaux Nord
8;Dossier;2109281042;2021-10-07;2021-09-29;CHR70NP0O7;RALLONGE USB2 A-A MALE-FEMELLE 5M;;CHRONOPOST PROJETS INFRASTRUCTURE;XP389189135FR  XP389189144FR  XP389189158FR  XP389189161FR  XP389189175FR  XP389189201FR  XP389189215FR  XP389189229FR  XP389189232FR  XP389189246FR  XP389189250FR  XP389189263FR  XP389189277FR  XP389189285FR  XP389189294FR  XP389189303FR;AGENCE CHRONOPOST BORDEAUX NORD ;TE1711130179;FCA Déstockage PC Linux - Extension de Bordeaux Nord
8;Dossier;2109281042;2021-10-07;2021-09-29;CHR76NP1HG;Câble DisplayPort mâle/mâle 3M;;CHRONOPOST PROJETS INFRASTRUCTURE;XP389189135FR  XP389189144FR  XP389189158FR  XP389189161FR  XP389189175FR  XP389189201FR  XP389189215FR  XP389189229FR  XP389189232FR  XP389189246FR  XP389189250FR  XP389189263FR  XP389189277FR  XP389189285FR  XP389189294FR  XP389189303FR;AGENCE CHRONOPOST BORDEAUX NORD ;TE1912060598;FCA Déstockage PC Linux - Extension de Bordeaux Nord
8;Dossier;2109281042;2021-10-07;2021-09-29;CHR77NP06D;CABLE ALIMENTATION SECTEUR NOIR DE 5M;;CHRONOPOST PROJETS INFRASTRUCTURE;XP389189135FR  XP389189144FR  XP389189158FR  XP389189161FR  XP389189175FR  XP389189201FR  XP389189215FR  XP389189229FR  XP389189232FR  XP389189246FR  XP389189250FR  XP389189263FR  XP389189277FR  XP389189285FR  XP389189294FR  XP389189303FR;AGENCE CHRONOPOST BORDEAUX NORD ;TE1901040540;FCA Déstockage PC Linux - Extension de Bordeaux Nord
8;Dossier;2109281042;2021-10-07;2021-09-29;CHR92NP012;BLOC MULTIPRISES 6 PRISES + IN CABLE 1,5 METRES;;CHRONOPOST PROJETS INFRASTRUCTURE;XP389189135FR  XP389189144FR  XP389189158FR  XP389189161FR  XP389189175FR  XP389189201FR  XP389189215FR  XP389189229FR  XP389189232FR  XP389189246FR  XP389189250FR  XP389189263FR  XP389189277FR  XP389189285FR  XP389189294FR  XP389189303FR;AGENCE CHRONOPOST BORDEAUX NORD ;TE2106300326;FCA Déstockage PC Linux - Extension de Bordeaux Nord
6;Dossier;2109281053;2021-10-07;2021-09-29;CHR10NP1HW;UC HP PRODESK 600 G5 i5 16GB 256SSD W10;CZC01882YG;CHRONOPOST PROJETS INFRASTRUCTURE;XP389134755FR  XP389134769FR  XP389134772FR  XP389134786FR  XP389134790FR  XP389134812FR  XP389134826FR  XP389134843FR  XP389134857FR  XP389134874FR  XP389134891FR  XP389134905FR;AGENCE CHRONOPOST BORDEAUX NORD ;TE2005070048;FCA Déstockage PC - Extension de Bordeaux Nord
6;Dossier;2109281053;2021-10-07;2021-09-29;CHR25NP1K0;Acer V227Qbmipx 21,5" (55cm) 16:9;MMTCBEE00910828E764215;CHRONOPOST PROJETS INFRASTRUCTURE;XP389134755FR  XP389134769FR  XP389134772FR  XP389134786FR  XP389134790FR  XP389134812FR  XP389134826FR  XP389134843FR  XP389134857FR  XP389134874FR  XP389134891FR  XP389134905FR;AGENCE CHRONOPOST BORDEAUX NORD ;TE2108090291;FCA Déstockage PC - Extension de Bordeaux Nord
15;Dossier;2109281086;2021-10-07;2021-09-29;CHR47NP1GU;BORNE WIFI Aruba AP-345 (RW) Unified AP;CNK5K51408;CHRONOPOST PROJETS INFRASTRUCTURE;XP389192143FR  XP389192174FR  XP389192157FR  XP389192165FR;AGENCE CHRONOPOST BORDEAUX NORD ;TE2008210100;FCA Déstockage accessoire - Extension de Bordeaux Nord
15;Dossier;2109281086;2021-10-07;2021-09-29;CHR47NP1HS;KIT DE MONTAGE ARUBA pour AP Indoor;;CHRONOPOST PROJETS INFRASTRUCTURE;XP389192143FR  XP389192174FR  XP389192157FR  XP389192165FR;AGENCE CHRONOPOST BORDEAUX NORD ;TE2108030052;FCA Déstockage accessoire - Extension de Bordeaux Nord
15;Dossier;2109281086;2021-10-07;2021-09-29;CHR73NP0H5;CORDON SURMOULE BLEU RJ45  FTP CAT6E 4P 100 OHMS DE 1M;;CHRONOPOST PROJETS INFRASTRUCTURE;XP389192143FR  XP389192174FR  XP389192157FR  XP389192165FR;AGENCE CHRONOPOST BORDEAUX NORD ;TE1507060439;FCA Déstockage accessoire - Extension de Bordeaux Nord
10;Dossier;2109281086;2021-10-07;2021-09-29;CHR73NP154;CORDON  CAT6 DE 3M GRIS;;CHRONOPOST PROJETS INFRASTRUCTURE;XP389192143FR  XP389192174FR  XP389192157FR  XP389192165FR;AGENCE CHRONOPOST BORDEAUX NORD ;TE2008171889;FCA Déstockage accessoire - Extension de Bordeaux Nord
15;Dossier;2109281086;2021-10-07;2021-09-29;CHR73NP1B1;CORDON SURMOULE DROIT VIOLET RJ45 FTP CAT.6 -100 OHMS 250 Mhz 2M;;CHRONOPOST PROJETS INFRASTRUCTURE;XP389192143FR  XP389192174FR  XP389192157FR  XP389192165FR;AGENCE CHRONOPOST BORDEAUX NORD ;TE2107160231;FCA Déstockage accessoire - Extension de Bordeaux Nord
3;Dossier;2109281086;2021-10-07;2021-09-29;CHR73NP1JG;Lot de 10 Cordons Surmoules droit bleu RJ45 FTP CAT.6 2M;;CHRONOPOST PROJETS INFRASTRUCTURE;XP389192143FR  XP389192174FR  XP389192157FR  XP389192165FR;AGENCE CHRONOPOST BORDEAUX NORD ;TE2107220075;FCA Déstockage accessoire - Extension de Bordeaux Nord
3;Dossier;2109281086;2021-10-07;2021-09-29;CHR73NP1JT;Lot de 10 Cordons Surmoules Droit RJ45 FTP CAT.6 - 250 Mhz 2M;;CHRONOPOST PROJETS INFRASTRUCTURE;XP389192143FR  XP389192174FR  XP389192157FR  XP389192165FR;AGENCE CHRONOPOST BORDEAUX NORD ;TE2107200229;FCA Déstockage accessoire - Extension de Bordeaux Nord
8;Dossier;2109281086;2021-10-07;2021-09-29;CHR74NP1FV;JARRETIERE OPTIQUE LC/SC 50/125 MULITMODE 2m OM4;;CHRONOPOST PROJETS INFRASTRUCTURE;XP389192143FR  XP389192174FR  XP389192157FR  XP389192165FR;AGENCE CHRONOPOST BORDEAUX NORD ;TE2008280111;FCA Déstockage accessoire - Extension de Bordeaux Nord
1;Dossier;2109281086;2021-10-07;2021-09-29;CHR91NP1B3;LOT 50 VIS ECROUS ENJOLIVEURS POUR RACKAGE;;CHRONOPOST PROJETS INFRASTRUCTURE;XP389192143FR  XP389192174FR  XP389192157FR  XP389192165FR;AGENCE CHRONOPOST BORDEAUX NORD ;TE1807270203;FCA Déstockage accessoire - Extension de Bordeaux Nord
1;Dossier;2109281086;2021-10-07;2021-09-29;CHR99NP19B;ROULEAU VELCRO DE 5M - LARGEUR DE 2 CM NOIR;;CHRONOPOST PROJETS INFRASTRUCTURE;XP389192143FR  XP389192174FR  XP389192157FR  XP389192165FR;AGENCE CHRONOPOST BORDEAUX NORD ;TE2008170403;FCA Déstockage accessoire - Extension de Bordeaux Nord
6;Dossier;2109281086;2021-10-07;2021-09-29;CHR99NP1B5;PASSE-CABLES PEIGNE;;CHRONOPOST PROJETS INFRASTRUCTURE;XP389192143FR  XP389192174FR  XP389192157FR  XP389192165FR;AGENCE CHRONOPOST BORDEAUX NORD ;TE1808080532;FCA Déstockage accessoire - Extension de Bordeaux Nord
2;Dossier;2109220972;2021-10-07;2021-09-22;CHR48NP1BJ;HP DL 160 GEN9 4LFF CTO SERVEUR;CZ28140C01;CHRONOPOST PROJETS INFRASTRUCTURE;XP389136671FR  XP389136685FR;CHRONOPOST VALBONNE;TE2109140009;FCA Production et déstockage de 2 serveurs pour Antenne de Mouans-Sartoux
30;Livraison;ES021090000;2021-10-07;2021-09-03;CLP34NS1B1;IMPRIMANTE DATAMAX E-4205A MARK III ETHERNET ;134130004;COLIPOSTE SHIPPING;BL2109501;1003164410 - HUB ONE;TE2110070043;1003164410 - HUB ONE 230 imprimantes PV Coli   
2;Dossier;2109221029;2021-10-06;2021-09-22;CHR48NP1GX;HP Proliant DL 360 GEN 10;CZJ13307J7;CHRONOPOST PROJETS HUB;XP387896808FR  XP387896811FR;CHRONOPOST AIX FUVEAU;TE2108310006;LFS HUB PACA Destockage et production de 2 serveurs pour le HUB de Salon de provence
160;Livraison;ES021060004;2021-10-06;2021-06-21;CLP34NS1AH;IMPRIMANTE DATAMAX E-4204 MARK III;114130011;COLIPOSTE SHIPPING;BL2109480;1003080238 - HUB ONE;TE2110060040;250 Expeditor PV        
50;Livraison;ES021060004;2021-10-06;2021-06-21;CLP34NS1B1;IMPRIMANTE DATAMAX E-4205A MARK III ETHERNET ;103130247;COLIPOSTE SHIPPING;BL2109480;1003080238 - HUB ONE;TE2110060120;250 Expeditor PV        
2;Dossier;2110010299;2021-10-05;2021-10-05;CLP10NF1J5;UC DELL OPTIPLEX CLP 3070 SFF;17RF013;COLIPOSTE FIL DE L'EAU;XP386672287FR  XP386672295FR;PIC HOLTZHEIM;TE2103010123;Préparation 2 postes maitres Linux PIC HOLTZHEIM
2;Dossier;2110010299;2021-10-05;2021-10-05;CLP73NF0OA;CORDON SURMOULE DROIT RJ45 FTP CAT.6  100 OHMS DE 5M;;COLIPOSTE FIL DE L'EAU;XP386672287FR  XP386672295FR;PIC HOLTZHEIM;TE1908062425;Préparation 2 postes maitres Linux PIC HOLTZHEIM
2;Dossier;2110010305;2021-10-05;2021-10-05;CLP10NF1J5;UC DELL OPTIPLEX CLP 3070 SFF;B7RF013;COLIPOSTE FIL DE L'EAU;XP386616722FR  XP386616736FR;PFMA  GENNEVILLIERS ;TE2103010132;PFMA GENNEVILLIERS Préparation 2 postes maitres Linux PFMA GNV / SAINT OUEN PARIS BIS
2;Dossier;2110010305;2021-10-05;2021-10-05;CLP73NF0OA;CORDON SURMOULE DROIT RJ45 FTP CAT.6  100 OHMS DE 5M;;COLIPOSTE FIL DE L'EAU;XP386616722FR  XP386616736FR;PFMA  GENNEVILLIERS ;TE1908062427;PFMA GENNEVILLIERS Préparation 2 postes maitres Linux PFMA GNV / SAINT OUEN PARIS BIS
3;Dossier;2110050173;2021-10-05;2021-10-05;CHR45NP1G9;FortiWifi-60E;FWF60ETK18003828;CHRONOPOST PROJETS INFRASTRUCTURE;XP386573372FR;CHRONOPOST SIEGE MAGNETIK ;TE1903220017;PMI CHRONOPOST SIEGE MAGNETIK TFC 2021 - installation de PMC Trig
1;Dossier;2110050442;2021-10-05;2021-10-05;CHR48NP1GX;HP Prolant DL 360 GEN 10 8SFF Xeon silver 4214R;CZJ13307J6;CHRONOPOST PROJETS HUB;XP386624423FR;CHRONOPOST MAGNETIK FRAIS COMMUNS PARIS;TE2108310003;GMS MAGNETIK /!\ PRIORISATION Demande de déstockage de SERVEUR HUB
1;Dossier;2110010760;2021-10-05;2021-10-01;CHR10RF1DS;UC LENOVO M700 I5 6400 PROCESSOR;PC0HWWVU;CHRONOPOST FIL DE L'EAU;XP386603595FR;CHRONOPOST AULNAY HUB HNI;TE2109240010;GMS DIRECTION RESEAU Unité Centrale seule d'un PC fixe bureautique sans écran
1;Dossier;2110010761;2021-10-05;2021-10-01;CHR10RF1DS;UC LENOVO M700 I5 6400 PROCESSOR;S4AH3303;CHRONOPOST FIL DE L'EAU;XP386601895FR;CHRONOPOST AULNAY HUB HNI;TE2109240011;GMS DIRECTION RESEAU Unité Centrale seule d'un PC fixe bureautique sans écran
1;Dossier;2109290857;2021-10-05;2021-09-30;CHR32NF1G3;IMP LEXMARK MS826DE;S40649090155P1;CHRONOPOST FIL DE L'EAU;XP386605968FR  XP386605999FR;CHRONOPOST STRASBOURG;TE2106040359;FCA Déstockage et production imprimantes C11 Supplétif de Strasbourg
1;Dossier;2109290857;2021-10-05;2021-09-30;CHR39NF1G6;MS826DE BAC SUPPLEMENTAIRE;;CHRONOPOST FIL DE L'EAU;XP386605968FR  XP386605999FR;CHRONOPOST STRASBOURG;TE2109130098;FCA Déstockage et production imprimantes C11 Supplétif de Strasbourg
2;Dossier;2109300378;2021-10-05;2021-09-30;CHR48NP1BJ;HP DL 160 GEN9 4LFF CTO SERVEUR;CZ260906FW;CHRONOPOST PROJETS INFRASTRUCTURE;;CHRONOPOST ARGENTEUIL;TE2109140005;TSI Déstockage et paramétrage de 2 x serveurs _ Projet Agence d'Argenteuil
1;Dossier;2109300787;2021-10-05;2021-09-30;CHR10RF1DS;UC LENOVO M700 I5 6400 PROCESSOR;S4AK0429;CHRONOPOST FIL DE L'EAU;XP386604772FR  XP386604790FR;CHRONOPOST SI TRANSPORT;TE2109240012;FRR SI TRANSPORT Nouveau PC fixe bureautique PASCAL ARINO
1;Dossier;2109300787;2021-10-05;2021-09-30;CHR25NF1JK;ECRAN LENOVO 22'' ref T22i-20;SV9081M5E;CHRONOPOST FIL DE L'EAU;XP386604772FR  XP386604790FR;CHRONOPOST SI TRANSPORT;TE2109090206;FRR SI TRANSPORT Nouveau PC fixe bureautique PASCAL ARINO
4;Dossier;2109281038;2021-10-05;2021-09-29;CHR32NF1G3;IMP LEXMARK MS826DE;S406410701KTXW;CHRONOPOST FIL DE L'EAU;XP386606844FR  XP386606861FR  XP386606875FR  XP386606892FR  XP386606901FR  XP386606915FR  XP386606932FR  XP386606858FR;AGENCE CHRONOPOST BORDEAUX NORD ;TE2109130057;FCA Déstockage et production imprimantes C11 Extension de Bordeaux Nord
4;Dossier;2109281038;2021-10-05;2021-09-29;CHR39NF1G6;MS826DE BAC SUPPLEMENTAIRE;;CHRONOPOST FIL DE L'EAU;XP386606844FR  XP386606861FR  XP386606875FR  XP386606892FR  XP386606901FR  XP386606915FR  XP386606932FR  XP386606858FR;AGENCE CHRONOPOST BORDEAUX NORD ;TE2109130089;FCA Déstockage et production imprimantes C11 Extension de Bordeaux Nord
2;Dossier;2109270218;2021-10-05;2021-09-27;CHR48NP1GX;HP Proliant DL 360 GEN 10;CZJ13307J8;CHRONOPOST PROJETS HUB;XP386599009FR  XP386599012FR;CHRONOPOST HUB CORBAS;TE2108310005;LFS VENISSIEUX Destockage et production de 2 serveurs pour le HUB pour Vénissuex
30;Dossier;2109270344;2021-10-05;2021-09-27;CHR73NP0HN;CORDON SURMOULE BLEU RJ45  FTP CAT6E 4P 100 OHMS DE 3M;;CHRONOPOST PROJETS INFRASTRUCTURE;;CHRONOPOST ARGENTEUIL;TE1809180031;TSI Demande de déstockage divers câbles et accessoires _ Projet Agence d'Argenteuil (ARG)
15;Dossier;2109270344;2021-10-05;2021-09-27;CHR73NP0OA;CORDON SURMOULE RJ45 FTP CAT.6 DROIT 100 OHMS DE 5M;;CHRONOPOST PROJETS INFRASTRUCTURE;;CHRONOPOST ARGENTEUIL;TE1901170229;TSI Demande de déstockage divers câbles et accessoires _ Projet Agence d'Argenteuil (ARG)
50;Dossier;2109270344;2021-10-05;2021-09-27;CHR73NP154;CORDON  CAT6 DE 3M GRIS;;CHRONOPOST PROJETS INFRASTRUCTURE;;CHRONOPOST ARGENTEUIL;TE2008171839;TSI Demande de déstockage divers câbles et accessoires _ Projet Agence d'Argenteuil (ARG)
6;Dossier;2109270344;2021-10-05;2021-09-27;CHR73NP1B0;CORDON SURMOULE DROIT VERT RJ45 FTP CAT.6 -100 OHMS 250 Mhz 2M;;CHRONOPOST PROJETS INFRASTRUCTURE;;CHRONOPOST ARGENTEUIL;TE2008171034;TSI Demande de déstockage divers câbles et accessoires _ Projet Agence d'Argenteuil (ARG)
16;Dossier;2109270344;2021-10-05;2021-09-27;CHR73NP1B1;CORDON SURMOULE DROIT VIOLET RJ45 FTP CAT.6 -100 OHMS 250 Mhz 2M;;CHRONOPOST PROJETS INFRASTRUCTURE;;CHRONOPOST ARGENTEUIL;TE2107160215;TSI Demande de déstockage divers câbles et accessoires _ Projet Agence d'Argenteuil (ARG)
9;Dossier;2109270344;2021-10-05;2021-09-27;CHR73NP1JG;Lot de 10 Cordons Surmoules droit bleu RJ45 FTP CAT.6 2M;;CHRONOPOST PROJETS INFRASTRUCTURE;;CHRONOPOST ARGENTEUIL;TE2107220047;TSI Demande de déstockage divers câbles et accessoires _ Projet Agence d'Argenteuil (ARG)
2;Dossier;2109270344;2021-10-05;2021-09-27;CHR73NP1JT;Lot de 10 Cordons Surmoules Droit RJ45 FTP CAT.6 - 250 Mhz 2M;;CHRONOPOST PROJETS INFRASTRUCTURE;;CHRONOPOST ARGENTEUIL;TE2107200244;TSI Demande de déstockage divers câbles et accessoires _ Projet Agence d'Argenteuil (ARG)
1;Dossier;2109270344;2021-10-05;2021-09-27;CHR73NP1JU;Lot de 10 Cordons Surmoules droit rouge RJ45 FTP CAT.6 100 OHMS 250 Mhz 2M;;CHRONOPOST PROJETS INFRASTRUCTURE;;CHRONOPOST ARGENTEUIL;TE2107200256;TSI Demande de déstockage divers câbles et accessoires _ Projet Agence d'Argenteuil (ARG)
8;Dossier;2109270344;2021-10-05;2021-09-27;CHR74NP1FV;JARRETIERE OPTIQUE LC/SC 50/125 MULITMODE 2m OM4;;CHRONOPOST PROJETS INFRASTRUCTURE;;CHRONOPOST ARGENTEUIL;TE2008280103;TSI Demande de déstockage divers câbles et accessoires _ Projet Agence d'Argenteuil (ARG)
4;Dossier;2109270344;2021-10-05;2021-09-27;CHR91NP0JU;SACHET DE 4 VIS A TETE 6 PANS;;CHRONOPOST PROJETS INFRASTRUCTURE;;CHRONOPOST ARGENTEUIL;TE2103220114;TSI Demande de déstockage divers câbles et accessoires _ Projet Agence d'Argenteuil (ARG)
3;Dossier;2109270344;2021-10-05;2021-09-27;CHR91NP1B3;LOT 50 VIS ECROUS ENJOLIVEURS POUR RACKAGE;;CHRONOPOST PROJETS INFRASTRUCTURE;;CHRONOPOST ARGENTEUIL;TE1807270200;TSI Demande de déstockage divers câbles et accessoires _ Projet Agence d'Argenteuil (ARG)
5;Dossier;2109270344;2021-10-05;2021-09-27;CHR92NP012;BLOC MULTIPRISES 6 PRISES + IN CABLE 1,5 METRES;;CHRONOPOST PROJETS INFRASTRUCTURE;;CHRONOPOST ARGENTEUIL;TE2106300321;TSI Demande de déstockage divers câbles et accessoires _ Projet Agence d'Argenteuil (ARG)
2;Dossier;2109270344;2021-10-05;2021-09-27;CHR99NP19B;ROULEAU VELCRO DE 5M - LARGEUR DE 2 CM NOIR;;CHRONOPOST PROJETS INFRASTRUCTURE;;CHRONOPOST ARGENTEUIL;TE2008170401;TSI Demande de déstockage divers câbles et accessoires _ Projet Agence d'Argenteuil (ARG)
1;Dossier;2109270344;2021-10-05;2021-09-27;CHR99NP1B4;LIEN POUR CABLES (RISLAN TRANSLUCIDE BLANC 29 cm x 0,48 cm) X 100;;CHRONOPOST PROJETS INFRASTRUCTURE;;CHRONOPOST ARGENTEUIL;TE2008170311;TSI Demande de déstockage divers câbles et accessoires _ Projet Agence d'Argenteuil (ARG)
20;Dossier;2109270344;2021-10-05;2021-09-27;CHR99NP1B5;PASSE-CABLES PEIGNE;;CHRONOPOST PROJETS INFRASTRUCTURE;;CHRONOPOST ARGENTEUIL;TE1808080512;TSI Demande de déstockage divers câbles et accessoires _ Projet Agence d'Argenteuil (ARG)
15;Dossier;2109210795;2021-10-05;2021-09-24;CHR10NP1HW;UC HP PRODESK 600 G5 i5 16GB 256SSD W10;CZC01882Y5;CHRONOPOST PROJETS INFRASTRUCTURE;;CHRONOPOST ARGENTEUIL;TE2005070062;TSI Demande de déstockage et production de 15 x Postes Bureautique _ Projet Agence Argenteuil (ARG)
15;Dossier;2109210795;2021-10-05;2021-09-24;CHR27RP1K3;ECRAN HP 20''  ref HP LA2006x;3CQ0461LT2;CHRONOPOST PROJETS INFRASTRUCTURE;;CHRONOPOST ARGENTEUIL;TE2109030079;TSI Demande de déstockage et production de 15 x Postes Bureautique _ Projet Agence Argenteuil (ARG)
17;Dossier;2109210802;2021-10-05;2021-09-24;CHR34NF18P;PC43D LCD USB/ETHERNET ( ZPL);153C2120011;CHRONOPOST FIL DE L'EAU;;CHRONOPOST ARGENTEUIL;TE2107060162;TSI Déstockage et Préparation de 17 x imprimantes TAC _ Projet Agence d'Argenteuil (ARG)
17;Dossier;2109210802;2021-10-05;2021-09-24;CHR41NF0BQ;MODULE ETHERNET POUR PC43;;CHRONOPOST FIL DE L'EAU;;CHRONOPOST ARGENTEUIL;TE2107150051;TSI Déstockage et Préparation de 17 x imprimantes TAC _ Projet Agence d'Argenteuil (ARG)
7;Dossier;2109210810;2021-10-05;2021-09-24;CHR32NP1G3;IMP LEXMARK MS826DE;S406411401L00G;CHRONOPOST PROJETS INFRASTRUCTURE;;CHRONOPOST ARGENTEUIL;TE2109130162;TSI Demande de déstockage de 7 x imprimantes C11 _ Projet Agence d'Argenteuil (ARG)
7;Dossier;2109210810;2021-10-05;2021-09-24;CHR39NP1G6;MS826DE BAC SUPPLEMENTAIRE;;CHRONOPOST PROJETS INFRASTRUCTURE;;CHRONOPOST ARGENTEUIL;TE2109130148;TSI Demande de déstockage de 7 x imprimantes C11 _ Projet Agence d'Argenteuil (ARG)
2;Dossier;2109220217;2021-10-05;2021-09-24;CHR10NP1HW;UC HP PRODESK 600 G5 i5 16GB 256SSD W10;CZC0319F58;CHRONOPOST PROJETS INFRASTRUCTURE;;CHRONOPOST ARGENTEUIL;TE2008110333;TSI Demande de déstockage et production de 2 x Postes Bureautique _ Projet Agence Argenteuil
2;Dossier;2109220217;2021-10-05;2021-09-24;CHR27RP1K3;ECRAN HP 20''  ref HP LA2006x;CNC13109X8;CHRONOPOST PROJETS INFRASTRUCTURE;;CHRONOPOST ARGENTEUIL;TE2109020199;TSI Demande de déstockage et production de 2 x Postes Bureautique _ Projet Agence Argenteuil
1;Dossier;2109220266;2021-10-05;2021-09-24;CHR32NP1G3;IMP LEXMARK MS826DE;S406411401L037;CHRONOPOST PROJETS INFRASTRUCTURE;;CHRONOPOST ARGENTEUIL;TE2109130158;TSI Demande de déstockage de 1 x imprimante C11 _ Projet Agence d'Argenteuil
1;Dossier;2109220266;2021-10-05;2021-09-24;CHR39NP1G6;MS826DE BAC SUPPLEMENTAIRE;;CHRONOPOST PROJETS INFRASTRUCTURE;;CHRONOPOST ARGENTEUIL;TE2109130151;TSI Demande de déstockage de 1 x imprimante C11 _ Projet Agence d'Argenteuil
7;Dossier;2109240261;2021-10-05;2021-09-24;CHR32NF1G3;IMP LEXMARK MS826DE;S406411401KZW8;CHRONOPOST FIL DE L'EAU;XP386620157FR  XP386620259FR  XP386620262FR  XP386620276FR  XP386620280FR  XP386620316FR  XP386620333FR  XP386620355FR  XP386620364FR  XP386620174FR  XP386620205FR  XP386620214FR  XP386620231FR  XP386620378FR;CHRONOPOST MARSEILLE NORD;TE2109130074;SPE Déclaration C11 - Marseille Nord
7;Dossier;2109240261;2021-10-05;2021-09-24;CHR39NF1G6;MS826DE BAC SUPPLEMENTAIRE;;CHRONOPOST FIL DE L'EAU;XP386620157FR  XP386620259FR  XP386620262FR  XP386620276FR  XP386620280FR  XP386620316FR  XP386620333FR  XP386620355FR  XP386620364FR  XP386620174FR  XP386620205FR  XP386620214FR  XP386620231FR  XP386620378FR;CHRONOPOST MARSEILLE NORD;TE2109130088;SPE Déclaration C11 - Marseille Nord
14;Dossier;2109210761;2021-10-05;2021-09-22;CHR10NP1HY;UC HP PRODESK 600 G5 i5 16GB 256SSD Freedos;CZC01882ZV;CHRONOPOST PROJETS INFRASTRUCTURE;;CHRONOPOST ARGENTEUIL;TE2005050038;TSI Demande de déstockage et production de 14 x PMC Linux _ Projet Agence d'Argenteuil (ARG)
14;Dossier;2109210761;2021-10-05;2021-09-22;CHR27RP1K3;ECRAN HP 20''  ref HP LA2006x;3CQ0461LZ7;CHRONOPOST PROJETS INFRASTRUCTURE;;CHRONOPOST ARGENTEUIL;TE2109020223;TSI Demande de déstockage et production de 14 x PMC Linux _ Projet Agence d'Argenteuil (ARG)
14;Dossier;2109210761;2021-10-05;2021-09-22;CHR58NP1ET;BARRE DE SON HP LCD;;CHRONOPOST PROJETS INFRASTRUCTURE;;CHRONOPOST ARGENTEUIL;TE1710030241;TSI Demande de déstockage et production de 14 x PMC Linux _ Projet Agence d'Argenteuil (ARG)
14;Dossier;2109210761;2021-10-05;2021-09-22;CHR70NP0O7;RALLONGE USB2 A-A MALE-FEMELLE 5M;;CHRONOPOST PROJETS INFRASTRUCTURE;;CHRONOPOST ARGENTEUIL;TE1703030555;TSI Demande de déstockage et production de 14 x PMC Linux _ Projet Agence d'Argenteuil (ARG)
14;Dossier;2109210761;2021-10-05;2021-09-22;CHR76NP1HG;Câble DisplayPort mâle/mâle 3M;;CHRONOPOST PROJETS INFRASTRUCTURE;;CHRONOPOST ARGENTEUIL;TE1912060529;TSI Demande de déstockage et production de 14 x PMC Linux _ Projet Agence d'Argenteuil (ARG)
14;Dossier;2109210761;2021-10-05;2021-09-22;CHR77NP06D;CABLE ALIMENTATION SECTEUR NOIR DE 5M;;CHRONOPOST PROJETS INFRASTRUCTURE;;CHRONOPOST ARGENTEUIL;TE1901040468;TSI Demande de déstockage et production de 14 x PMC Linux _ Projet Agence d'Argenteuil (ARG)
14;Dossier;2109210761;2021-10-05;2021-09-22;CHR92NP012;BLOC MULTIPRISES 6 PRISES + IN CABLE 1,5 METRES;;CHRONOPOST PROJETS INFRASTRUCTURE;;CHRONOPOST ARGENTEUIL;TE2106300252;TSI Demande de déstockage et production de 14 x PMC Linux _ Projet Agence d'Argenteuil (ARG)
1;Dossier;2109210825;2021-10-05;2021-09-22;CHR10NP1HW;UC HP PRODESK 600 G5 i5 16GB 256SSD W10;CZC0319F5Y;CHRONOPOST PROJETS INFRASTRUCTURE;;CHRONOPOST ARGENTEUIL;TE2008110346;TSI Poste Bureautique _ PC Sécurité non masterisé pour l'agence d'Argenteuil
1;Dossier;2109210825;2021-10-05;2021-09-22;CHR27RP1K3;ECRAN HP 20''  ref HP LA2006x;CNC13000MP;CHRONOPOST PROJETS INFRASTRUCTURE;;CHRONOPOST ARGENTEUIL;TE2109020015;TSI Poste Bureautique _ PC Sécurité non masterisé pour l'agence d'Argenteuil
3;Dossier;2109210837;2021-10-05;2021-09-22;CHR61NP1G4;SCANNER DE DOCUMENTS PANASONIC KV S5076H;G3009VP1126;CHRONOPOST PROJETS INFRASTRUCTURE;;CHRONOPOST ARGENTEUIL;TE2010010061;TSI Demande de déstockage de 3 x Scanner de documents Panasonic KV S5076H _ Projet Agence d'Argenteuil (ARG) Attn I&amp;S
15;Dossier;2109210865;2021-10-05;2021-09-22;CHR47NP1GU;BORNE WIFI Aruba AP-345 (RW) Unified AP;CNK5K513YK;CHRONOPOST PROJETS INFRASTRUCTURE;;CHRONOPOST ARGENTEUIL;TE2008210132;TSI Demande de déstockage Equipements réseaux _ Bornes Wifi _ Projet Agence d'Argenteuil
1;Dossier;2109220276;2021-10-05;2021-09-22;CHR61NP1G4;SCANNER DE DOCUMENTS PANASONIC KV S5076H;G3009VP1143;CHRONOPOST PROJETS INFRASTRUCTURE;;CHRONOPOST ARGENTEUIL;TE2010010058;TSI Demande de déstockage de 1 x Scanner de documents Panasonic KV S5076H _ Projet Agence d'Argenteuil
1;Dossier;2110010223;2021-10-04;2021-10-01;CHR34NP1JY;PC43D LCD USB/ETHERNET ( ZPL RESEAU) carte montée;159C2120040;CHRONOPOST PROJETS INFRASTRUCTURE;XP385264825FR;CHRONOPOST ARGENTEUIL;TE2108260123;TSI Déstockage et Préparation de 1 x imprimante TAC _ Projet Agence d'Argenteuil
2;Dossier;2110010310;2021-10-04;2021-10-01;CHR73NP1JG;Lot de 10 Cordons Surmoules droit bleu RJ45 FTP CAT.6 2M;;CHRONOPOST PROJETS INFRASTRUCTURE;XP385263533FR;CHRONOPOST ALBI;TE2107220081;SPE Déstockage cordon RJ45 - Albi
1;Dossier;2109290666;2021-10-04;2021-09-29;CHR10NP1HW;UC HP PRODESK 600 G5 i5 16GB 256SSD W10;CZC01882ZL;CHRONOPOST PROJETS INFRASTRUCTURE;XP385309076FR  XP385309093FR;CHRONOPOST HUB CORBAS;TE2005070073;LFS VENISSIEUX Déstockage PC NON MAsterisé - Vénissieux
1;Dossier;2109290666;2021-10-04;2021-09-29;CHR27RP1K3;ECRAN HP 20''  ref HP LA2006x;3CQ0491X8P;CHRONOPOST PROJETS INFRASTRUCTURE;XP385309076FR  XP385309093FR;CHRONOPOST HUB CORBAS;TE2109020212;LFS VENISSIEUX Déstockage PC NON MAsterisé - Vénissieux
2;Dossier;2109290898;2021-10-04;2021-09-29;CHR47NP1GU;BORNE WIFI Aruba AP-345 (RW) Unified AP;CNK9K51042;CHRONOPOST PROJETS INFRASTRUCTURE;XP385319855FR;CHRONOPOST STRASBOURG;TE2103180172;FCA Déstockage accessoire - Supplétif de Strasbourg
2;Dossier;2109290898;2021-10-04;2021-09-29;CHR47NP1HS;KIT DE MONTAGE ARUBA pour AP Indoor;;CHRONOPOST PROJETS INFRASTRUCTURE;XP385319855FR;CHRONOPOST STRASBOURG;TE2108030067;FCA Déstockage accessoire - Supplétif de Strasbourg
2;Dossier;2109290898;2021-10-04;2021-09-29;CHR73NP0H5;CORDON SURMOULE BLEU RJ45  FTP CAT6E 4P 100 OHMS DE 1M;;CHRONOPOST PROJETS INFRASTRUCTURE;XP385319855FR;CHRONOPOST STRASBOURG;TE1507060454;FCA Déstockage accessoire - Supplétif de Strasbourg
4;Dossier;2109290898;2021-10-04;2021-09-29;CHR73NP154;CORDON  CAT6 DE 3M GRIS;;CHRONOPOST PROJETS INFRASTRUCTURE;XP385319855FR;CHRONOPOST STRASBOURG;TE2008171899;FCA Déstockage accessoire - Supplétif de Strasbourg
2;Dossier;2109290898;2021-10-04;2021-09-29;CHR73NP1B1;CORDON SURMOULE DROIT VIOLET RJ45 FTP CAT.6 -100 OHMS 250 Mhz 2M;;CHRONOPOST PROJETS INFRASTRUCTURE;XP385319855FR;CHRONOPOST STRASBOURG;TE2107160246;FCA Déstockage accessoire - Supplétif de Strasbourg
2;Dossier;2109290898;2021-10-04;2021-09-29;CHR73NP1JG;Lot de 10 Cordons Surmoules droit bleu RJ45 FTP CAT.6 2M;;CHRONOPOST PROJETS INFRASTRUCTURE;XP385319855FR;CHRONOPOST STRASBOURG;TE2107220076;FCA Déstockage accessoire - Supplétif de Strasbourg
1;Dossier;2109290898;2021-10-04;2021-09-29;CHR73NP1JT;Lot de 10 Cordons Surmoules Droit RJ45 FTP CAT.6 - 250 Mhz 2M;;CHRONOPOST PROJETS INFRASTRUCTURE;XP385319855FR;CHRONOPOST STRASBOURG;TE2107200240;FCA Déstockage accessoire - Supplétif de Strasbourg
4;Dossier;2109290898;2021-10-04;2021-09-29;CHR74NP1FV;JARRETIERE OPTIQUE LC/SC 50/125 MULITMODE 2m OM4;;CHRONOPOST PROJETS INFRASTRUCTURE;XP385319855FR;CHRONOPOST STRASBOURG;TE2008280119;FCA Déstockage accessoire - Supplétif de Strasbourg
1;Dossier;2109290898;2021-10-04;2021-09-29;CHR91NP1B3;LOT 50 VIS ECROUS ENJOLIVEURS POUR RACKAGE;;CHRONOPOST PROJETS INFRASTRUCTURE;XP385319855FR;CHRONOPOST STRASBOURG;TE1807270204;FCA Déstockage accessoire - Supplétif de Strasbourg
1;Dossier;2109290898;2021-10-04;2021-09-29;CHR99NP19B;ROULEAU VELCRO DE 5M - LARGEUR DE 2 CM NOIR;;CHRONOPOST PROJETS INFRASTRUCTURE;XP385319855FR;CHRONOPOST STRASBOURG;TE2008170404;FCA Déstockage accessoire - Supplétif de Strasbourg
3;Dossier;2109290898;2021-10-04;2021-09-29;CHR99NP1B5;PASSE-CABLES PEIGNE;;CHRONOPOST PROJETS INFRASTRUCTURE;XP385319855FR;CHRONOPOST STRASBOURG;TE1808080538;FCA Déstockage accessoire - Supplétif de Strasbourg
2;Dossier;2109290910;2021-10-04;2021-09-29;CHR41NP199;2960-X OPTIONAL CISCO FLEXSTACK;;CHRONOPOST PROJETS INFRASTRUCTURE;XP385267977FR  XP385267985FR  XP385267994FR;ALTURING ;TE2008110116;FCA Déstockage matériel R2D2 - Supplétif de Strasbourg
4;Dossier;2109290910;2021-10-04;2021-09-29;CHR41NP1CI;CISCO 1000 BASE SX SFP TRANSCEIVER MODULE;;CHRONOPOST PROJETS INFRASTRUCTURE;XP385267977FR  XP385267985FR  XP385267994FR;ALTURING ;TE2008110227;FCA Déstockage matériel R2D2 - Supplétif de Strasbourg
2;Dossier;2109290910;2021-10-04;2021-09-29;CHR43NP1AU;SWITCH CATALYST 2960-X 24PS-L LAN Base;SFCW2030B5N6;CHRONOPOST PROJETS INFRASTRUCTURE;XP385267977FR  XP385267985FR  XP385267994FR;ALTURING ;TE2007030055;FCA Déstockage matériel R2D2 - Supplétif de Strasbourg
2;Dossier;2109290910;2021-10-04;2021-09-29;CHR43NP1AU;SWITCH CATALYST 2960-X 24PS-L LAN Base;SFCW2030B5N6;CHRONOPOST PROJETS INFRASTRUCTURE;1234;ALTURING ;TE2007030055;FCA Déstockage matériel R2D2 - Supplétif de Strasbourg
